a,b,output
5,53,58
83,20,6
79,36,18
45,78,26
77,66,46
94,64,61
86,3,89
39,37,76
66,54,23
20,50,70
96,95,94
65,93,61
91,90,84
92,5,0
17,30,47
4,86,90
80,51,34
80,66,49
41,50,91
3,37,40
63,55,21
84,65,52
49,61,13
90,5,95
72,18,90
79,91,73
12,39,51
41,68,12
1,18,19
17,28,45
17,62,79
54,21,75
30,60,90
18,78,96
96,30,29
90,2,92
56,33,89
34,30,64
6,15,21
87,30,20
60,73,36
1,96,0
83,28,14
45,72,20
19,25,44
94,85,82
86,52,41
84,16,3
17,91,11
14,39,53
11,74,85
29,21,50
79,84,66
0,23,23
38,77,18
30,71,4
18,49,67
94,89,86
96,82,81
9,40,49
28,4,32
76,77,56
32,27,59
71,41,15
33,58,91
73,27,3
83,73,59
57,55,15
34,43,77
64,24,88
25,31,56
94,75,72
55,90,48
58,16,74
13,15,28
52,94,49
30,77,10
12,35,47
81,75,59
12,38,50
44,75,22
91,30,24
23,27,50
17,42,59
40,84,27
51,1,52
37,15,52
78,35,16
28,9,37
2,75,77
48,85,36
68,75,46
15,45,60
80,13,93
23,44,67
30,93,26
67,32,2
5,6,11
18,14,32
52,19,71
24,15,39
79,5,84
16,54,70
20,79,2
66,87,56
36,4,40
15,34,49
3,93,96
30,67,0
78,26,7
27,95,25
93,60,56
18,50,68
40,72,15
91,65,59
80,72,55
66,49,18
64,11,75
65,4,69
47,54,4
21,43,64
36,82,21
24,57,81
55,33,88
48,39,87
71,83,57
12,59,71
73,75,51
32,11,43
50,77,30
67,7,74
2,90,92
96,91,90
44,72,19
92,66,61
41,32,73
50,7,57
1,38,39
22,41,63
67,72,42
51,77,31
5,70,75
33,52,85
10,15,25
95,21,19
54,1,55
47,85,35
57,72,32
89,55,47
49,45,94
43,30,73
84,68,55
39,21,60
40,59,2
34,19,53
5,2,7
65,0,65
30,53,83
76,43,22
72,79,54
94,10,7
65,75,43
77,20,0
87,57,47
77,48,28
16,56,72
26,41,67
76,29,8
89,15,7
78,79,60
5,8,13
68,37,8
31,85,19
27,75,5
59,13,72
36,21,57
67,62,32
4,43,47
38,20,58
52,37,89
40,24,64
29,96,28
58,10,68
92,51,46
72,61,36
84,55,42
45,25,70
82,46,31
67,75,45
70,45,18
9,9,18
12,18,30
53,18,71
22,73,95
54,63,20
16,17,33
28,57,85
14,55,69
75,93,71
27,43,70
62,8,70
27,91,21
22,80,5
18,21,39
89,76,68
63,5,68
9,46,55
3,29,32
95,90,88
37,41,78
93,29,25
53,25,78
43,3,46
84,13,0
85,39,27
49,51,3
26,26,52
49,52,4
15,38,53
1,90,91
40,12,52
18,83,4
96,81,80
95,58,56
31,84,18
46,83,32
56,89,48
38,43,81
30,4,34
9,31,40
1,44,45
46,2,48
90,62,55
39,91,33
86,2,88
5,12,17
53,23,76
57,92,52
62,14,76
21,34,55
32,21,53
57,58,18
85,24,12
19,83,5
24,74,1
70,0,70
48,78,29
73,73,49
84,22,9
2,30,32
10,18,28
43,91,37
46,4,50
36,95,34
48,21,69
3,84,87
62,16,78
72,13,85
48,80,31
68,71,42
19,31,50
23,45,68
76,81,60
88,1,89
1,28,29
38,75,16
63,47,13
91,32,26
8,51,59
69,48,20
17,31,48
83,29,15
23,38,61
16,21,37
29,24,53
65,67,35
84,60,47
20,68,88
63,9,72
81,77,61
37,59,96
1,31,32
91,47,41
39,14,53
64,47,14
20,44,64
74,68,45
40,79,22
85,42,30
73,74,50
53,14,67
95,29,27
43,70,16
42,13,55
69,6,75
45,2,47
82,37,22
64,86,53
19,61,80
28,34,62
95,77,75
38,46,84
93,11,7
72,44,19
41,22,63
33,72,8
0,37,37
55,73,31
66,30,96
43,82,28
43,5,48
10,48,58
40,13,53
77,95,75
8,20,28
48,63,14
40,68,11
56,15,71
0,27,27
16,19,35
44,1,45
82,21,6
10,61,71
18,91,12
82,85,70
82,4,86
15,84,2
69,26,95
24,73,0
70,53,26
67,56,26
44,45,89
37,84,24
81,46,30
21,74,95
48,42,90
67,8,75
61,88,52
86,25,14
82,23,8
77,69,49
4,10,14
2,53,55
23,64,87
71,69,43
22,84,9
34,1,35
67,47,17
69,20,89
12,48,60
91,45,39
37,56,93
68,91,62
53,2,55
18,12,30
36,15,51
84,53,40
70,4,74
30,90,23
49,23,72
75,31,9
56,88,47
86,37,26
14,15,29
96,74,73
7,59,66
13,67,80
37,50,87
43,18,61
32,17,49
51,38,89
1,43,44
52,13,65
4,2,6
37,72,12
94,20,17
86,34,23
41,40,81
69,87,59
34,89,26
19,69,88
77,56,36
57,3,60
96,62,61
43,80,26
81,11,92
24,69,93
52,79,34
87,44,34
93,28,24
95,57,55
24,89,16
35,67,5
87,48,38
51,5,56
67,54,24
12,9,21
93,68,64
5,44,49
0,91,91
72,72,47
75,28,6
75,69,47
13,85,1
38,34,72
41,84,28
94,67,64
84,47,34
37,75,15
84,33,20
16,39,55
0,38,38
58,41,2
36,63,2
38,76,17
57,79,39
56,85,44
18,61,79
83,94,80
25,69,94
51,46,0
19,92,14
56,77,36
72,26,1
4,73,77
54,76,33
94,29,26
28,78,9
88,89,80
7,60,67
47,95,45
81,21,5
94,86,83
18,84,5
31,37,68
32,80,15
73,49,25
11,21,32
49,7,56
71,9,80
7,50,57
84,27,14
25,40,65
38,88,29
42,43,85
27,93,23
80,21,4
44,57,4
5,14,19
47,20,67
17,0,17
62,11,73
29,40,69
85,53,41
35,73,11
58,44,5
65,86,54
42,11,53
73,57,33
1,5,6
81,66,50
77,85,65
93,81,77
68,49,20
55,35,90
17,3,20
3,58,61
41,9,50
77,19,96
29,19,48
12,57,69
67,83,53
48,64,15
40,53,93
90,1,91
26,23,49
95,15,13
74,84,61
3,0,3
34,86,23
51,42,93
33,46,79
6,60,66
55,96,54
29,95,27
25,0,25
40,38,78
18,31,49
86,69,58
86,70,59
56,72,31
77,28,8
96,63,62
1,50,51
29,89,21
68,50,21
82,44,29
41,37,78
59,70,32
92,55,50
76,91,70
2,27,29
78,38,19
15,12,27
14,32,46
29,68,0
41,66,10
10,92,5
38,68,9
45,60,8
1,65,66
7,20,27
88,69,60
72,16,88
51,65,19
25,93,21
45,29,74
47,65,15
57,33,90
63,67,33
61,24,85
64,37,4
35,0,35
85,63,51
42,29,71
38,79,20
93,13,9
35,60,95
94,70,67
35,94,32
50,42,92
83,51,37
11,51,62
33,8,41
71,42,16
64,53,20
38,22,60
17,65,82
31,31,62
14,10,24
48,61,12
16,20,36
93,10,6
21,54,75
4,72,76
68,78,49
7,45,52
80,59,42
67,49,19
44,79,26
82,91,76
16,81,0
64,7,71
22,20,42
54,86,43
85,37,25
37,71,11
84,48,35
3,63,66
85,1,86
58,3,61
83,87,73
39,60,2
27,35,62
56,37,93
24,44,68
76,10,86
49,30,79
16,71,87
55,11,66
15,27,42
60,30,90
28,95,26
62,30,92
79,38,20
75,46,24
35,41,76
37,12,49
72,58,33
34,31,65
31,64,95
2,43,45
35,85,23
5,39,44
6,81,87
21,32,53
49,39,88
46,24,70
92,26,21
61,26,87
88,74,65
12,10,22
1,84,85
35,83,21
18,65,83
92,87,82
12,69,81
45,83,31
95,5,3
91,60,54
76,64,43
31,8,39
10,60,70
67,64,34
88,42,33
22,9,31
68,36,7
85,77,65
57,90,50
14,53,67
92,86,81
30,8,38
26,14,40
57,1,58
82,79,64
39,25,64
18,26,44
62,35,0
58,46,7
81,36,20
47,46,93
93,24,20
75,35,13
62,37,2
47,74,24
85,93,81
12,4,16
80,23,6
23,28,51
34,5,39
29,78,10
20,93,16
33,13,46
60,12,72
95,63,61
89,82,74
79,20,2
95,14,12
79,15,94
49,34,83
25,35,60
50,6,56
22,54,76
56,83,42
82,58,43
17,39,56
68,24,92
33,74,10
81,32,16
79,90,72
78,22,3
19,14,33
79,96,78
90,85,78
29,11,40
42,57,2
72,80,55
75,75,53
12,60,72
51,41,92
52,63,18
25,61,86
46,75,24
20,63,83
83,76,62
10,21,31
54,68,25
13,74,87
96,2,1
58,9,67
82,1,83
24,23,47
73,40,16
59,38,0
12,64,76
96,20,19
58,64,25
81,17,1
49,46,95
44,83,30
51,76,30
13,50,63
10,76,86
26,42,68
70,79,52
72,76,51
29,62,91
46,58,7
43,9,52
37,61,1
94,31,28
48,86,37
38,57,95
49,5,54
62,28,90
49,94,46
96,19,18
11,20,31
93,57,53
3,50,53
83,65,51
2,6,8
69,72,44
2,34,36
82,55,40
52,60,15
17,33,50
89,89,81
53,10,63
38,14,52
73,76,52
41,69,13
67,37,7
46,41,87
67,21,88
1,53,54
51,45,96
25,79,7
59,36,95
7,38,45
88,33,24
79,33,15
0,5,5
30,27,57
4,93,0
6,69,75
22,7,29
90,87,80
79,77,59
38,65,6
71,43,17
88,39,30
88,38,29
27,80,10
89,71,63
9,8,17
48,44,92
80,86,69
1,88,89
79,1,80
24,13,37
10,95,8
89,96,88
3,77,80
45,66,14
40,70,13
78,31,12
4,15,19
87,75,65
92,84,79
22,34,56
92,18,13
12,34,46
62,78,43
79,53,35
2,87,89
44,81,28
92,96,91
71,51,25
15,71,86
56,44,3
0,9,9
47,34,81
22,38,60
62,80,45
51,21,72
74,53,30
62,25,87
90,19,12
14,91,8
96,93,92
83,92,78
22,59,81
0,29,29
73,4,77
7,81,88
50,29,79
9,51,60
19,63,82
65,38,6
1,20,21
21,95,19
37,47,84
9,56,65
66,9,75
18,42,60
5,21,26
19,55,74
16,22,38
87,94,84
90,30,23
68,29,0
31,59,90
39,79,21
82,60,45
91,78,72
6,3,9
24,12,36
0,66,66
78,88,69
24,82,9
66,60,29
73,36,12
87,0,87
44,44,88
31,1,32
52,54,9
42,36,78
25,72,0
82,93,78
24,92,19
4,46,50
63,59,25
87,43,33
0,92,92
80,70,53
35,59,94
70,12,82
63,77,43
78,11,89
33,31,64
5,4,9
81,0,81
56,34,90
27,90,20
58,92,53
71,3,74
20,66,86
69,53,25
58,18,76
44,69,16
93,15,11
36,20,56
6,82,88
7,15,22
42,58,3
31,80,14
4,53,57
42,18,60
35,95,33
58,53,14
40,28,68
11,37,48
24,93,20
6,85,91
91,9,3
94,4,1
74,69,46
90,86,79
85,68,56
16,64,80
15,51,66
54,80,37
24,60,84
49,49,1
63,39,5
89,69,61
42,65,10
27,22,49
75,74,52
37,29,66
28,30,58
42,41,83
45,96,44
5,28,33
12,28,40
88,54,45
17,17,34
59,49,11
87,47,37
52,81,36
60,92,55
1,25,26
32,31,63
8,60,68
33,53,86
37,43,80
32,24,56
64,90,57
15,19,34
75,62,40
11,86,0
84,80,67
30,54,84
21,37,58
61,70,34
15,13,28
58,81,42
82,88,73
17,24,41
82,50,35
27,19,46
7,57,64
2,17,19
49,36,85
49,89,41
73,2,75
53,8,61
54,67,24
70,64,37
9,15,24
26,27,53
20,70,90
16,96,15
60,19,79
6,63,69
83,86,72
53,1,54
91,89,83
25,65,90
83,42,28
70,51,24
88,77,68
39,74,16
73,60,36
58,69,30
4,68,72
53,45,1
13,26,39
17,1,18
56,24,80
36,85,24
17,2,19
56,30,86
43,1,44
68,83,54
62,2,64
78,17,95
63,20,83
51,23,74
71,32,6
19,36,55
80,27,10
35,57,92
66,46,15
68,17,85
23,26,49
41,48,89
78,90,71
75,68,46
72,15,87
32,88,23
84,11,95
63,6,69
82,45,30
21,70,91
46,1,47
95,27,25
55,25,80
6,70,76
33,84,20
50,93,46
15,10,25
38,32,70
5,52,57
22,87,12
35,75,13
93,52,48
46,43,89
89,17,9
49,62,14
9,68,77
38,42,80
5,72,77
56,18,74
9,77,86
53,33,86
77,74,54
13,69,82
17,58,75
90,94,87
6,49,55
47,0,47
5,5,10
35,90,28
92,95,90
24,22,46
83,15,1
46,57,6
77,55,35
95,91,89
37,57,94
22,82,7
77,16,93
35,10,45
9,3,12
92,3,95
77,81,61
13,23,36
33,75,11
59,69,31
50,63,16
85,64,52
4,84,88
66,35,4
23,7,30
12,73,85
20,65,85
95,31,29
51,24,75
54,60,17
3,69,72
61,90,54
69,4,73
13,86,2
24,77,4
78,33,14
93,66,62
26,12,38
24,25,49
59,30,89
70,71,44
34,72,9
25,56,81
92,50,45
4,57,61
62,79,44
94,59,56
60,76,39
23,66,89
61,47,11
7,63,70
41,72,16
33,43,76
63,48,14
69,1,70
67,80,50
10,36,46
46,33,79
59,44,6
60,2,62
17,87,7
57,51,11
35,42,77
85,33,21
29,81,13
75,91,69
3,68,71
15,2,17
28,37,65
52,87,42
58,21,79
75,85,63
4,83,87
13,31,44
58,51,12
68,88,59
23,65,88
38,19,57
39,2,41
89,93,85
64,31,95
3,96,2
79,94,76
90,53,46
82,68,53
13,22,35
88,68,59
54,26,80
80,39,22
89,79,71
60,16,76
96,40,39
51,27,78
29,47,76
16,40,56
62,1,63
51,39,90
28,88,19
47,23,70
29,46,75
89,57,49
29,87,19
20,21,41
90,34,27
5,37,42
28,47,75
7,73,80
35,33,68
60,21,81
68,0,68
77,83,63
32,63,95
83,52,38
26,76,5
70,44,17
71,34,8
39,15,54
75,40,18
22,52,74
95,75,73
35,12,47
62,51,16
77,2,79
66,75,44
62,71,36
48,81,32
77,17,94
26,53,79
92,56,51
79,83,65
16,3,19
75,49,27
3,20,23
63,95,61
59,96,58
12,46,58
66,38,7
93,30,26
37,10,47
39,47,86
11,44,55
63,91,57
12,50,62
11,48,59
66,79,48
27,42,69
10,19,29
39,13,52
10,54,64
12,81,93
8,22,30
93,87,83
45,36,81
81,71,55
89,95,87
37,16,53
59,74,36
44,53,0
76,25,4
92,40,35
85,57,45
4,20,24
73,28,4
74,17,91
39,12,51
53,26,79
77,40,20
16,86,5
87,87,77
31,35,66
50,30,80
51,54,8
51,30,81
17,90,10
20,64,84
59,27,86
12,72,84
33,23,56
0,56,56
11,52,63
88,20,11
63,3,66
32,14,46
85,30,18
36,81,20
87,79,69
34,57,91
89,84,76
91,76,70
52,66,21
87,68,58
83,80,66
44,84,31
23,1,24
30,7,37
21,83,7
61,79,43
51,72,26
23,90,16
90,69,62
59,90,52
35,46,81
17,50,67
33,81,17
29,77,9
44,6,50
21,72,93
5,17,22
80,75,58
61,80,44
47,38,85
46,92,41
7,18,25
60,81,44
28,20,48
67,70,40
7,78,85
89,91,83
91,4,95
61,11,72
56,12,68
14,81,95
82,9,91
72,46,21
34,14,48
8,64,72
64,92,59
9,84,93
21,86,10
57,91,51
35,21,56
30,31,61
17,81,1
37,30,67
57,48,8
71,86,60
44,64,11
24,19,43
90,78,71
21,29,50
48,60,11
35,27,62
51,92,46
82,12,94
83,5,88
28,85,16
65,1,66
63,30,93
62,75,40
11,33,44
80,26,9
12,31,43
10,32,42
73,24,0
63,45,11
29,22,51
7,69,76
27,94,24
72,23,95
67,10,77
91,10,4
64,27,91
44,77,24
30,46,76
3,32,35
38,4,42
22,13,35
51,68,22
81,37,21
73,72,48
63,96,62
61,41,5
36,18,54
76,87,66
25,10,35
95,10,8
18,74,92
14,37,51
83,81,67
94,84,81
4,12,16
61,23,84
39,5,44
84,7,91
52,15,67
54,28,82
40,82,25
8,80,88
35,88,26
27,87,17
77,96,76
65,95,63
9,72,81
72,30,5
57,71,31
71,40,14
85,50,38
80,2,82
84,24,11
55,17,72
51,80,34
57,17,74
13,18,31
11,31,42
64,65,32
10,58,68
59,20,79
56,54,13
4,1,5
60,84,47
86,91,80
14,95,12
49,59,11
5,41,46
7,65,72
41,23,64
27,74,4
13,71,84
35,64,2
4,49,53
73,53,29
55,86,44
87,4,91
69,39,11
60,26,86
70,6,76
73,21,94
24,24,48
76,18,94
61,68,32
5,67,72
10,71,81
89,9,1
44,92,39
34,37,71
17,27,44
65,52,20
48,12,60
94,3,0
67,92,62
67,76,46
41,64,8
88,0,88
94,38,35
0,45,45
18,6,24
90,17,10
89,26,18
85,5,90
68,15,83
79,18,0
23,88,14
92,71,66
18,10,28
4,21,25
22,92,17
45,84,32
10,80,90
61,21,82
70,18,88
47,3,50
41,47,88
23,50,73
96,77,76
11,41,52
10,41,51
16,92,11
70,49,22
63,68,34
2,59,61
4,61,65
81,45,29
59,59,21
24,56,80
12,2,14
82,3,85
65,24,89
90,91,84
54,13,67
51,87,41
62,85,50
52,8,60
61,76,40
17,60,77
9,22,31
94,42,39
72,25,0
37,25,62
27,55,82
31,11,42
92,48,43
23,6,29
75,36,14
22,28,50
41,61,5
56,55,14
51,0,51
71,20,91
35,6,41
46,19,65
25,95,23
5,64,69
69,28,0
39,73,15
32,5,37
69,54,26
84,91,78
75,71,49
54,45,2
93,21,17
94,12,9
90,71,64
62,40,5
51,33,84
24,94,21
49,9,58
31,65,96
37,55,92
55,9,64
16,43,59
72,9,81
20,5,25
41,31,72
69,41,13
23,34,57
78,48,29
94,39,36
75,32,10
19,74,93
30,35,65
46,16,62
78,95,76
16,18,34
82,53,38
94,72,69
63,1,64
38,93,34
32,49,81
4,0,4
13,16,29
58,40,1
76,80,59
35,40,75
63,84,50
51,96,50
43,31,74
26,59,85
25,2,27
47,41,88
96,71,70
12,14,26
24,84,11
15,87,5
39,70,12
81,27,11
75,63,41
13,10,23
50,57,10
53,51,7
15,42,57
8,31,39
19,35,54
82,34,19
20,85,8
92,31,26
63,81,47
83,9,92
70,87,60
59,88,50
89,38,30
70,27,0
2,70,72
11,75,86
91,77,71
89,88,80
27,57,84
92,59,54
25,34,59
73,33,9
88,23,14
51,56,10
61,1,62
4,9,13
91,79,73
88,82,73
42,50,92
23,72,95
41,54,95
59,60,22
64,12,76
54,16,70
37,24,61
61,86,50
27,27,54
64,78,45
91,43,37
10,93,6
17,29,46
21,23,44
61,27,88
66,34,3
89,48,40
83,82,68
60,14,74
8,89,0
39,77,19
48,45,93
49,4,53
9,42,51
54,58,15
17,19,36
39,11,50
20,86,9
26,55,81
80,65,48
27,3,30
45,85,33
26,8,34
39,39,78
50,66,19
36,45,81
71,17,88
77,11,88
38,6,44
45,91,39
12,17,29
47,14,61
66,58,27
52,16,68
59,92,54
76,38,17
69,64,36
59,19,78
14,16,30
48,40,88
20,30,50
74,77,54
57,21,78
80,32,15
24,30,54
39,61,3
33,65,1
48,34,82
26,75,4
0,33,33
41,33,74
12,44,56
32,86,21
73,93,69
39,17,56
89,67,59
62,42,7
31,55,86
89,11,3
49,38,87
33,34,67
70,46,19
84,50,37
57,66,26
19,68,87
36,49,85
53,38,91
1,95,96
90,49,42
7,68,75
45,73,21
66,80,49
93,73,69
65,84,52
2,46,48
70,55,28
54,78,35
87,63,53
74,56,33
31,0,31
93,14,10
3,9,12
75,54,32
34,83,20
80,47,30
34,62,96
62,58,23
77,43,23
26,92,21
44,42,86
77,59,39
30,48,78
35,71,9
29,33,62
78,3,81
46,65,14
18,64,82
3,45,48
41,91,35
16,45,61
29,16,45
22,45,67
70,89,62
2,24,26
48,16,64
56,81,40
42,9,51
63,0,63
1,91,92
55,75,33
32,3,35
59,62,24
66,6,72
61,64,28
54,71,28
39,49,88
19,96,18
3,39,42
62,63,28
50,54,7
2,5,7
79,70,52
64,68,35
83,70,56
53,35,88
23,15,38
80,40,23
61,62,26
82,62,47
5,95,3
22,55,77
18,87,8
73,89,65
56,48,7
79,95,77
36,90,29
69,63,35
36,48,84
58,70,31
4,51,55
12,11,23
20,20,40
8,68,76
33,87,23
94,95,92
73,96,72
43,39,82
76,66,45
8,48,56
1,27,28
22,3,25
65,39,7
55,47,5
60,59,22
89,90,82
49,88,40
15,9,24
85,86,74
31,68,2
64,55,22
11,25,36
65,89,57
71,70,44
9,37,46
85,40,28
28,22,50
34,32,66
27,30,57
54,38,92
22,65,87
70,2,72
28,94,25
51,86,40
59,83,45
56,79,38
52,68,23
1,73,74
88,60,51
68,27,95
51,48,2
7,79,86
48,27,75
78,92,73
46,45,91
30,5,35
90,58,51
53,69,25
28,53,81
47,9,56
62,49,14
85,45,33
66,32,1
43,77,23
84,12,96
11,66,77
84,62,49
35,15,50
62,20,82
50,10,60
35,2,37
33,39,72
22,32,54
85,85,73
72,1,73
77,91,71
52,46,1
59,48,10
57,52,12
89,73,65
56,7,63
69,83,55
24,96,23
79,37,19
9,7,16
83,55,41
43,41,84
77,41,21
25,70,95
67,38,8
93,1,94
29,84,16
42,75,20
34,46,80
87,40,30
13,8,21
74,0,74
39,34,73
32,12,44
42,61,6
66,72,41
76,61,40
57,65,25
52,30,82
11,43,54
1,26,27
0,8,8
16,83,2
51,61,15
50,64,17
46,85,34
31,13,44
8,16,24
47,68,18
76,86,65
45,59,7
57,45,5
8,59,67
16,85,4
64,63,30
34,29,63
86,43,32
65,91,59
53,4,57
94,61,58
60,45,8
17,83,3
37,77,17
0,2,2
94,77,74
66,17,83
53,91,47
19,22,41
39,53,92
21,18,39
82,78,63
41,27,68
8,86,94
33,79,15
70,13,83
58,6,64
58,96,57
35,58,93
7,76,83
21,9,30
92,68,63
93,64,60
79,44,26
27,85,15
46,26,72
19,71,90
77,86,66
3,3,6
25,82,10
49,77,29
67,58,28
89,66,58
78,78,59
83,37,23
80,61,44
13,13,26
81,55,39
55,6,61
61,73,37
71,59,33
9,73,82
0,13,13
29,35,64
45,75,23
84,41,28
37,49,86
52,61,16
54,39,93
62,24,86
82,77,62
83,89,75
6,1,7
57,2,59
8,49,57
35,19,54
67,53,23
93,46,42
59,34,93
58,87,48
58,35,93
12,67,79
90,88,81
92,63,58
41,29,70
43,34,77
64,28,92
16,59,75
48,83,34
71,45,19
4,37,41
39,96,38
20,61,81
76,52,31
51,93,47
56,8,64
25,3,28
8,83,91
69,68,40
23,83,9
8,72,80
89,4,93
42,17,59
80,60,43
96,67,66
47,11,58
75,72,50
49,84,36
23,59,82
0,68,68
86,92,81
62,50,15
41,90,34
93,77,73
93,20,16
59,46,8
74,41,18
15,68,83
93,40,36
2,77,79
13,57,70
21,94,18
18,54,72
55,89,47
86,41,30
48,35,83
80,83,66
30,61,91
27,18,45
30,75,8
27,15,42
17,22,39
34,52,86
18,57,75
31,33,64
66,78,47
11,22,33
95,33,31
65,36,4
46,53,2
49,54,6
19,52,71
51,50,4
64,38,5
7,13,20
25,39,64
86,45,34
57,59,19
13,78,91
22,64,86
52,91,46
9,12,21
23,48,71
9,5,14
31,89,23
59,7,66
14,9,23
64,66,33
2,51,53
53,87,43
20,48,68
20,60,80
41,13,54
6,77,83
16,94,13
8,36,44
82,19,4
7,46,53
26,58,84
91,8,2
58,42,3
71,73,47
93,22,18
36,5,41
14,40,54
18,59,77
3,42,45
85,90,78
46,78,27
66,33,2
75,18,93
15,95,13
2,33,35
27,40,67
29,39,68
37,6,43
46,31,77
2,9,11
8,94,5
62,9,71
86,64,53
19,53,72
34,54,88
67,40,10
44,88,35
55,91,49
21,56,77
0,41,41
70,33,6
20,1,21
47,35,82
55,88,46
57,89,49
20,23,43
37,74,14
64,4,68
44,80,27
69,49,21
0,63,63
81,81,65
34,61,95
6,13,19
84,4,88
6,41,47
9,67,76
96,56,55
87,59,49
45,46,91
41,57,1
43,84,30
65,47,15
91,63,57
31,67,1
14,7,21
52,33,85
14,61,75
45,7,52
56,32,88
31,27,58
44,37,81
11,39,50
57,11,68
5,74,79
63,61,27
54,44,1
82,29,14
57,87,47
26,74,3
40,50,90
34,41,75
57,44,4
35,14,49
2,40,42
14,96,13
73,92,68
56,41,0
51,73,27
58,94,55
44,0,44
5,22,27
71,24,95
43,76,22
25,14,39
55,94,52
25,67,92
19,37,56
17,92,12
83,58,44
95,96,94
47,1,48
88,92,83
3,74,77
55,61,19
48,92,43
35,5,40
62,47,12
70,82,55
61,96,60
49,24,73
26,22,48
64,19,83
76,55,34
3,72,75
24,43,67
25,37,62
11,0,11
69,95,67
68,72,43
27,46,73
8,58,66
15,31,46
81,14,95
71,33,7
67,11,78
57,25,82
94,15,12
35,28,63
66,68,37
23,17,40
33,36,69
85,22,10
37,9,46
1,45,46
82,15,0
83,95,81
58,88,49
61,85,49
23,21,44
89,33,25
40,74,17
23,36,59
39,78,20
90,50,43
79,10,89
61,94,58
10,88,1
74,31,8
68,35,6
90,26,19
49,72,24
31,77,11
32,46,78
27,14,41
44,51,95
38,21,59
43,59,5
31,7,38
85,81,69
72,28,3
4,23,27
86,21,10
49,92,44
79,23,5
15,36,51
23,87,13
39,65,7
29,4,33
41,62,6
30,43,73
13,55,68
81,61,45
9,54,63
42,60,5
7,86,93
32,77,12
38,39,77
9,23,32
68,68,39
78,55,36
89,1,90
31,52,83
26,96,25
33,29,62
68,77,48
2,57,59
14,58,72
29,20,49
89,5,94
40,20,60
2,29,31
96,4,3
13,19,32
91,92,86
93,79,75
54,25,79
81,91,75
31,95,29
1,34,35
13,34,47
51,37,88
94,2,96
23,42,65
13,25,38
7,61,68
83,88,74
50,39,89
24,87,14
10,74,84
66,44,13
64,73,40
93,7,3
41,96,40
60,23,83
48,14,62
55,40,95
4,8,12
17,26,43
53,55,11
5,49,54
54,83,40
35,61,96
49,12,61
46,10,56
13,21,34
74,47,24
21,39,60
62,5,67
80,96,79
65,64,32
61,63,27
93,47,43
58,91,52
25,46,71
6,43,49
11,76,87
10,87,0
63,60,26
46,39,85
39,82,24
43,16,59
80,81,64
67,48,18
25,17,42
70,23,93
41,83,27
50,31,81
53,40,93
52,71,26
4,75,79
52,26,78
71,6,77
17,85,5
70,73,46
68,26,94
63,80,46
14,21,35
93,27,23
86,33,22
6,18,24
31,36,67
62,94,59
24,17,41
73,9,82
77,52,32
33,19,52
8,12,20
47,8,55
72,11,83
27,67,94
71,30,4
29,80,12
94,33,30
85,71,59
37,18,55
48,37,85
47,94,44
26,88,17
21,19,40
58,72,33
0,40,40
43,50,93
86,82,71
63,12,75
23,92,18
81,59,43
87,11,1
74,38,15
62,60,25
15,59,74
2,69,71
9,34,43
31,91,25
84,56,43
62,73,38
15,21,36
3,35,38
82,38,23
27,12,39
91,39,33
19,0,19
75,64,42
27,41,68
36,46,82
76,7,83
54,27,81
94,0,94
47,25,72
82,33,18
92,79,74
23,58,81
24,81,8
79,21,3
14,12,26
28,49,77
43,68,14
83,40,26
77,5,82
18,32,50
11,88,2
41,14,55
69,75,47
18,30,48
91,96,90
10,59,69
7,88,95
88,80,71
81,26,10
32,43,75
79,87,69
22,37,59
47,42,89
74,12,86
67,9,76
81,86,70
56,40,96
46,11,57
5,89,94
53,76,32
60,28,88
26,45,71
36,79,18
12,32,44
85,96,84
41,89,33
61,20,81
92,89,84
96,6,5
38,37,75
64,60,27
63,23,86
6,40,46
48,20,68
68,55,26
57,61,21
61,34,95
50,27,77
52,25,77
46,72,21
36,50,86
56,92,51
89,40,32
30,56,86
18,15,33
71,53,27
14,63,77
27,64,91
36,47,83
23,63,86
61,52,16
65,27,92
80,18,1
5,82,87
30,88,21
76,49,28
3,54,57
43,60,6
55,56,14
83,66,52
85,29,17
50,80,33
80,10,90
47,58,8
41,18,59
12,47,59
52,52,7
15,53,68
92,43,38
76,96,75
9,58,67
7,36,43
46,64,13
8,45,53
26,93,22
61,81,45
54,34,88
85,43,31
69,90,62
30,68,1
31,46,77
90,4,94
80,78,61
5,69,74
20,6,26
26,0,26
96,70,69
19,42,61
22,71,93
35,44,79
52,28,80
37,32,69
81,85,69
19,79,1
93,61,57
74,9,83
40,56,96
31,71,5
44,9,53
53,19,72
89,25,17
64,74,41
34,35,69
56,51,10
47,48,95
95,79,77
32,29,61
64,44,11
4,41,45
37,7,44
66,55,24
69,57,29
11,90,4
92,34,29
17,43,60
14,79,93
49,70,22
15,39,54
63,36,2
10,33,43
18,38,56
79,65,47
76,34,13
25,80,8
16,52,68
31,72,6
12,87,2
65,61,29
42,87,32
93,94,90
39,27,66
23,51,74
89,47,39
10,17,27
64,26,90
27,52,79
37,31,68
75,83,61
43,92,38
52,69,24
55,72,30
45,22,67
2,49,51
34,84,21
50,11,61
70,70,43
3,43,46
7,6,13
2,88,90
46,30,76
82,47,32
90,52,45
64,6,70
95,49,47
43,49,92
24,63,87
21,27,48
90,70,63
14,59,73
26,31,57
50,52,5
87,84,74
28,45,73
93,65,61
49,47,96
53,15,68
13,9,22
62,27,89
43,29,72
25,23,48
55,15,70
67,35,5
55,85,43
69,5,74
26,60,86
4,13,17
13,39,52
18,67,85
41,77,21
55,38,93
70,88,61
54,46,3
17,89,9
9,41,50
59,15,74
69,7,76
9,29,38
60,31,91
62,87,52
93,16,12
52,21,73
13,54,67
0,18,18
86,61,50
4,91,95
52,43,95
29,34,63
68,67,38
68,14,82
41,19,60
55,93,51
1,47,48
89,22,14
50,70,23
43,33,76
28,75,6
68,64,35
5,3,8
87,66,56
74,50,27
48,93,44
92,47,42
75,86,64
81,62,46
26,25,51
5,1,6
38,52,90
47,81,31
95,88,86
15,78,93
84,32,19
68,81,52
66,15,81
43,83,29
81,67,51
72,2,74
53,54,10
92,62,57
73,25,1
1,54,55
85,49,37
92,36,31
80,12,92
46,74,23
14,82,96
5,80,85
82,84,69
24,53,77
91,6,0
66,39,8
19,34,53
11,8,19
27,66,93
94,88,85
15,7,22
33,62,95
68,56,27
48,77,28
10,75,85
70,39,12
36,84,23
91,3,94
13,70,83
78,12,90
78,56,37
39,69,11
96,75,74
73,56,32
11,1,12
10,73,83
8,50,58
65,25,90
24,35,59
77,73,53
96,90,89
25,71,96
32,87,22
18,46,64
81,65,49
34,34,68
45,15,60
96,27,26
20,87,10
79,51,33
35,81,19
1,63,64
54,90,47
59,40,2
83,4,87
41,71,15
0,6,6
82,20,5
53,7,60
42,82,27
95,43,41
45,86,34
53,68,24
91,75,69
9,43,52
24,50,74
79,82,64
26,16,42
79,14,93
20,84,7
93,53,49
10,37,47
66,91,60
67,25,92
38,89,30
25,73,1
84,92,79
95,51,49
62,91,56
34,6,40
31,66,0
19,27,46
63,72,38
5,48,53
40,52,92
31,39,70
64,54,21
69,32,4
96,54,53
0,34,34
58,37,95
62,19,81
76,54,33
96,7,6
15,81,96
74,72,49
32,81,16
69,62,34
18,28,46
55,20,75
4,17,21
48,25,73
84,83,70
44,62,9
49,3,52
94,48,45
86,76,65
87,29,19
71,58,32
39,18,57
84,66,53
57,16,73
66,45,14
42,94,39
1,35,36
73,91,67
80,94,77
72,87,62
34,80,17
22,14,36
13,45,58
9,93,5
56,63,22
87,69,59
30,80,13
19,58,77
50,94,47
21,79,3
54,30,84
66,64,33
35,70,8
85,10,95
73,94,70
17,37,54
36,9,45
17,14,31
22,12,34
54,48,5
46,22,68
61,54,18
44,56,3
42,4,46
87,28,18
56,45,4
78,77,58
6,94,3
8,19,27
9,88,0
25,30,55
23,71,94
88,17,8
62,33,95
57,81,41
66,26,92
90,6,96
96,31,30
69,10,79
7,74,81
74,64,41
87,86,76
59,11,70
16,1,17
15,5,20
70,10,80
66,43,12
64,39,6
51,34,85
64,70,37
48,28,76
78,34,15
13,33,46
29,74,6
63,52,18
55,16,71
78,71,52
33,68,4
83,75,61
30,94,27
62,65,30
66,85,54
0,82,82
33,45,78
47,88,38
61,14,75
41,86,30
59,91,53
54,69,26
29,75,7
62,29,91
30,57,87
57,24,81
45,62,10
81,29,13
47,96,46
47,70,20
16,87,6
91,28,22
84,90,77
5,60,65
83,83,69
4,79,83
82,31,16
18,29,47
72,54,29
62,23,85
2,58,60
64,51,18
39,31,70
95,24,22
62,15,77
57,53,13
83,14,0
27,32,59
42,2,44
27,51,78
79,63,45
66,70,39
81,35,19
32,44,76
77,46,26
95,76,74
20,13,33
57,8,65
41,63,7
44,63,10
50,51,4
87,58,48
28,48,76
7,25,32
18,2,20
9,26,35
73,58,34
75,23,1
49,78,30
10,5,15
38,15,53
64,96,63
91,18,12
2,82,84
66,31,0
87,12,2
95,25,23
70,93,66
93,63,59
17,56,73
92,69,64
0,64,64
2,55,57
52,96,51
91,40,34
12,66,78
54,24,78
53,84,40
74,13,87
24,59,83
14,78,92
5,16,21
55,65,23
42,77,22
36,61,0
6,51,57
23,4,27
38,7,45
22,56,78
27,26,53
2,25,27
34,45,79
10,10,20
16,13,29
26,90,19
12,13,25
8,2,10
86,85,74
15,62,77
8,42,50
57,64,24
85,26,14
60,88,51
24,27,51
32,42,74
10,12,22
16,8,24
56,87,46
27,13,40
31,38,69
71,63,37
54,10,64
46,38,84
42,93,38
25,38,63
18,90,11
32,45,77
14,4,18
71,75,49
92,75,70
6,74,80
29,15,44
58,43,4
51,18,69
28,40,68
53,94,50
55,58,16
18,25,43
65,48,16
93,39,35
33,73,9
27,56,83
74,42,19
28,59,87
92,78,73
96,41,40
15,94,12
86,54,43
79,16,95
40,91,34
38,40,78
72,24,96
20,24,44
48,36,84
7,85,92
15,80,95
22,67,89
76,47,26
90,29,22
37,80,20
96,72,71
92,10,5
9,79,88
53,74,30
70,34,7
4,85,89
81,64,48
30,9,39
29,58,87
63,29,92
90,18,11
21,14,35
76,8,84
9,19,28
55,4,59
6,80,86
75,48,26
31,93,27
41,30,71
81,16,0
87,10,0
81,76,60
58,84,45
10,90,3
93,6,2
9,95,7
17,64,81
91,15,9
71,96,70
77,22,2
19,86,8
51,8,59
4,80,84
22,15,37
80,89,72
92,17,12
14,49,63
19,48,67
4,81,85
8,85,93
31,32,63
24,32,56
61,0,61
28,8,36
75,2,77
29,48,77
2,64,66
19,8,27
85,51,39
26,63,89
40,77,20
58,31,89
10,1,11
29,67,96
86,16,5
93,35,31
27,0,27
85,54,42
69,52,24
45,32,77
66,25,91
63,42,8
72,5,77
78,62,43
75,25,3
11,19,30
91,87,81
86,94,83
60,4,64
70,25,95
46,89,38
55,95,53
34,40,74
53,24,77
28,12,40
78,7,85
86,42,31
72,88,63
18,85,6
20,25,45
8,65,73
81,41,25
27,2,29
92,28,23
31,94,28
61,65,29
26,28,54
2,35,37
38,44,82
23,22,45
12,20,32
93,70,66
87,17,7
12,27,39
88,94,85
50,85,38
31,73,7
81,1,82
32,92,27
95,4,2
21,5,26
36,92,31
57,0,57
87,51,41
62,3,65
16,11,27
96,39,38
60,41,4
26,18,44
67,39,9
35,43,78
12,92,7
29,60,89
51,75,29
64,5,69
20,47,67
86,44,33
85,95,83
90,46,39
70,84,57
4,33,37
40,60,3
65,16,81
30,33,63
12,1,13
91,88,82
29,8,37
31,4,35
46,15,61
58,58,19
4,95,2
11,71,82
96,21,20
17,38,55
53,81,37
67,87,57
30,11,41
91,54,48
32,94,29
94,9,6
76,93,72
77,10,87
68,84,55
86,7,93
20,89,12
94,80,77
40,3,43
3,88,91
91,21,15
42,40,82
9,0,9
19,9,28
83,34,20
45,38,83
78,83,64
40,29,69
51,57,11
70,68,41
74,24,1
16,48,64
20,37,57
45,11,56
76,12,88
80,74,57
11,49,60
45,94,42
28,54,82
12,74,86
49,2,51
5,84,89
69,58,30
64,57,24
39,0,39
15,46,61
61,60,24
76,82,61
87,9,96
96,18,17
51,64,18
40,89,32
7,58,65
83,59,45
41,75,19
27,36,63
92,33,28
20,16,36
58,19,77
51,55,9
6,50,56
86,60,49
86,23,12
6,25,31
5,31,36
56,69,28
69,3,72
57,28,85
74,25,2
90,0,90
8,73,81
53,65,21
34,3,37
43,48,91
36,65,4
57,94,54
75,51,29
48,33,81
38,41,79
85,55,43
75,94,72
86,74,63
43,72,18
48,62,13
63,40,6
29,18,47
25,78,6
55,3,58
22,62,84
28,80,11
56,0,56
4,89,93
21,65,86
45,3,48
35,20,55
70,56,29
85,32,20
35,26,61
72,17,89
78,5,83
65,53,21
24,66,90
69,31,3
86,31,20
60,37,0
68,40,11
8,11,19
85,52,40
72,0,72
17,59,76
9,45,54
64,20,84
6,16,22
72,59,34
79,89,71
56,35,91
3,26,29
21,46,67
77,12,89
40,33,73
73,50,26
2,93,95
94,6,3
84,42,29
53,47,3
55,23,78
55,69,27
5,7,12
76,71,50
5,38,43
83,74,60
10,55,65
33,92,28
78,72,53
79,92,74
36,71,10
95,1,96
2,20,22
72,81,56
10,46,56
36,11,47
21,25,46
2,0,2
96,57,56
10,82,92
68,30,1
96,36,35
45,55,3
71,39,13
61,75,39
26,29,55
55,30,85
48,26,74
89,63,55
93,76,72
95,39,37
25,8,33
32,66,1
37,5,42
20,11,31
76,44,23
39,93,35
63,17,80
75,90,68
62,38,3
0,67,67
29,93,25
16,90,9
30,66,96
27,59,86
46,62,11
23,25,48
23,57,80
15,92,10
42,81,26
3,15,18
93,42,38
66,42,11
7,84,91
13,7,20
15,56,71
91,16,10
77,9,86
15,93,11
69,17,86
89,16,8
82,41,26
20,56,76
81,23,7
30,58,88
3,12,15
87,95,85
73,29,5
66,37,6
88,12,3
30,92,25
13,59,72
44,41,85
75,30,8
77,31,11
37,39,76
78,25,6
6,75,81
93,51,47
40,15,55
39,42,81
59,78,40
73,39,15
83,96,82
92,77,72
46,61,10
90,56,49
31,90,24
21,33,54
59,76,38
70,8,78
87,76,66
88,58,49
95,48,46
3,51,54
33,67,3
47,53,3
96,42,41
92,21,16
18,22,40
49,66,18
52,95,50
15,64,79
14,92,9
79,50,32
16,32,48
7,55,62
72,6,78
39,59,1
67,79,49
12,63,75
51,91,45
5,0,5
12,91,6
62,57,22
60,47,10
62,92,57
79,74,56
1,29,30
17,16,33
32,13,45
74,3,77
0,50,50
85,18,6
67,45,15
40,25,65
59,77,39
92,7,2
76,31,10
45,93,41
37,23,60
36,17,53
79,46,28
17,52,69
89,64,56
93,3,96
73,86,62
59,71,33
74,19,93
43,11,54
4,70,74
92,14,9
45,76,24
20,15,35
77,7,84
75,37,15
2,48,50
47,56,6
68,12,80
67,52,22
27,50,77
71,87,61
38,74,15
7,91,1
84,6,90
72,67,42
41,41,82
24,75,2
45,49,94
94,55,52
11,58,69
22,70,92
83,48,34
50,2,52
6,66,72
31,23,54
78,94,75
47,75,25
24,85,12
77,18,95
30,24,54
67,71,41
14,29,43
60,63,26
55,54,12
38,87,28
35,37,72
9,25,34
50,12,62
77,88,68
90,68,61
72,48,23
14,62,76
22,21,43
44,43,87
13,84,0
74,20,94
12,5,17
62,13,75
10,81,91
43,13,56
76,88,67
86,49,38
3,60,63
66,51,20
59,67,29
68,66,37
85,58,46
11,13,24
46,36,82
94,44,41
89,42,34
41,74,18
19,38,57
12,21,33
74,75,52
4,77,81
37,17,54
94,22,19
65,63,31
62,43,8
46,54,3
45,6,51
8,28,36
73,37,13
25,24,49
6,31,37
19,17,36
80,52,35
7,10,17
32,95,30
14,25,39
81,63,47
8,10,18
72,33,8
59,0,59
52,6,58
19,41,60
43,15,58
78,46,27
76,39,18
60,7,67
47,13,60
30,41,71
49,56,8
92,16,11
17,20,37
86,26,15
77,76,56
75,45,23
53,96,52
59,86,48
89,43,35
91,86,80
42,67,12
2,45,47
34,50,84
74,57,34
53,42,95
22,49,71
27,24,51
29,31,60
38,2,40
60,94,57
56,36,92
45,41,86
3,89,92
6,44,50
22,0,22
1,17,18
27,96,26
35,55,90
65,23,88
84,96,83
4,24,28
8,9,17
64,64,31
56,13,69
89,13,5
42,55,0
70,21,91
90,67,60
32,84,19
3,80,83
68,80,51
6,57,63
17,69,86
2,4,6
23,84,10
22,61,83
13,37,50
54,91,48
62,82,47
54,22,76
45,31,76
82,0,82
21,81,5
10,70,80
51,59,13
43,46,89
94,74,71
3,78,81
63,7,70
73,22,95
64,49,16
69,61,33
94,11,8
16,55,71
68,44,15
17,66,83
0,47,47
86,11,0
15,70,85
28,24,52
13,11,24
78,81,62
93,71,67
95,40,38
91,48,42
28,39,67
11,4,15
78,21,2
61,3,64
89,30,22
49,18,67
92,12,7
62,21,83
71,72,46
47,87,37
66,76,45
95,44,42
61,69,33
14,27,41
55,19,74
78,29,10
82,87,72
57,40,0
12,53,65
40,17,57
86,48,37
3,81,84
41,92,36
87,49,39
76,79,58
36,77,16
37,13,50
30,70,3
10,56,66
94,82,79
56,52,11
62,66,31
17,79,96
88,73,64
7,7,14
44,10,54
45,9,54
16,91,10
11,79,90
67,12,79
39,90,32
21,6,27
75,0,75
16,2,18
21,78,2
40,11,51
44,47,91
53,89,45
35,7,42
7,64,71
47,2,49
50,95,48
48,5,53
21,77,1
23,46,69
38,45,83
64,71,38
96,5,4
65,73,41
58,57,18
75,79,57
78,8,86
11,35,46
32,52,84
56,76,35
15,3,18
34,90,27
59,39,1
15,66,81
40,37,77
56,57,16
48,15,63
24,62,86
70,91,64
60,50,13
69,86,58
25,11,36
34,73,10
74,85,62
2,3,5
82,18,3
59,95,57
72,49,24
13,65,78
4,29,33
9,20,29
74,46,23
20,51,71
59,52,14
93,33,29
55,1,56
86,1,87
77,29,9
19,39,58
7,22,29
56,23,79
3,16,19
11,81,92
20,94,17
95,53,51
28,86,17
78,37,18
57,31,88
49,50,2
69,38,10
43,32,75
86,46,35
95,83,81
23,47,70
10,6,16
25,25,50
39,66,8
54,85,42
28,25,53
37,91,31
31,41,72
19,65,84
67,82,52
14,18,32
66,71,40
43,23,66
65,9,74
37,76,16
0,74,74
41,53,94
54,57,14
37,52,89
38,69,10
36,37,73
7,96,6
88,46,37
46,79,28
77,4,81
15,77,92
10,9,19
85,38,26
22,58,80
82,75,60
26,10,36
36,38,74
34,64,1
17,36,53
66,2,68
83,24,10
29,90,22
10,68,78
90,14,7
0,90,90
52,76,31
11,23,34
21,41,62
22,44,66
5,10,15
54,19,73
33,55,88
38,85,26
32,4,36
52,92,47
1,39,40
64,10,74
24,80,7
7,35,42
73,63,39
34,55,89
53,11,64
10,72,82
27,71,1
14,14,28
96,45,44
2,76,78
93,19,15
68,20,88
11,67,78
58,48,9
80,31,14
80,49,32
29,72,4
50,86,39
0,36,36
53,66,22
73,52,28
21,22,43
72,52,27
36,6,42
79,85,67
91,81,75
4,34,38
34,10,44
32,83,18
60,5,65
44,54,1
87,18,8
66,47,16
88,5,93
54,55,12
17,49,66
77,8,85
26,86,15
68,93,64
2,41,43
88,11,2
39,19,58
89,31,23
54,4,58
54,72,29
18,39,57
6,34,40
2,68,70
71,79,53
92,90,85
63,4,67
90,79,72
1,81,82
87,32,22
6,7,13
72,82,57
19,10,29
84,35,22
9,27,36
73,43,19
55,64,22
71,23,94
16,80,96
94,71,68
12,19,31
93,69,65
91,1,92
63,87,53
17,76,93
4,92,96
15,74,89
42,68,13
33,77,13
96,17,16
95,50,48
87,25,15
78,49,30
56,39,95
38,28,66
3,91,94
21,10,31
2,31,33
37,14,51
28,74,5
42,19,61
63,24,87
88,29,20
91,61,55
66,73,42
42,28,70
68,57,28
28,6,34
2,89,91
92,52,47
40,34,74
53,34,87
50,4,54
65,6,71
27,82,12
22,31,53
75,22,0
33,15,48
71,19,90
6,42,48
14,22,36
94,7,4
41,3,44
12,36,48
82,96,81
60,53,16
69,85,57
12,54,66
41,65,9
57,60,20
0,88,88
40,71,14
88,86,77
96,29,28
24,26,50
64,52,19
92,46,41
60,58,21
67,17,84
62,86,51
75,80,58
46,28,74
32,8,40
88,85,76
3,73,76
10,27,37
59,93,55
89,8,0
79,61,43
88,47,38
53,93,49
71,74,48
72,12,84
47,52,2
13,36,49
88,15,6
5,11,16
24,14,38
47,6,53
35,31,66
31,42,73
43,6,49
85,46,34
18,70,88
41,70,14
61,92,56
56,58,17
17,12,29
94,90,87
21,69,90
5,42,47
82,66,51
42,79,24
37,64,4
19,67,86
91,70,64
62,41,6
0,15,15
89,60,52
25,50,75
36,68,7
50,3,53
46,49,95
17,54,71
88,78,69
73,81,57
72,69,44
23,23,46
70,69,42
53,83,39
67,1,68
47,67,17
83,79,65
63,56,22
44,20,64
70,95,68
15,33,48
94,21,18
59,28,87
31,29,60
45,56,4
24,91,18
92,37,32
94,35,32
86,66,55
47,82,32
57,23,80
3,70,73
60,65,28
44,39,83
11,80,91
40,8,48
46,44,90
86,83,72
28,0,28
38,25,63
10,26,36
45,14,59
28,92,23
72,62,37
96,65,64
8,91,2
11,12,23
38,24,62
29,66,95
66,56,25
32,28,60
59,82,44
84,84,71
33,41,74
75,34,12
27,23,50
26,3,29
3,36,39
76,24,3
7,95,5
54,56,13
6,46,52
44,4,48
44,86,33
50,69,22
84,70,57
51,67,21
60,96,59
75,81,59
59,56,18
85,67,55
92,72,67
38,36,74
44,67,14
48,48,96
46,69,18
32,54,86
62,56,21
77,89,69
33,59,92
49,71,23
62,45,10
45,63,11
91,37,31
40,93,36
96,50,49
33,37,70
57,63,23
56,47,6
35,82,20
29,26,55
50,25,75
95,82,80
55,48,6
31,22,53
93,17,13
42,73,18
31,25,56
14,28,42
60,64,27
74,37,14
29,36,65
74,73,50
34,23,57
76,53,32
31,58,89
50,14,64
87,20,10
23,93,19
52,42,94
27,39,66
96,8,7
67,89,59
18,19,37
94,49,46
53,6,59
48,82,33
59,66,28
22,95,20
44,27,71
18,73,91
33,86,22
45,92,40
18,9,27
38,78,19
72,71,46
29,51,80
31,60,91
51,13,64
73,62,38
18,82,3
13,4,17
5,92,0
49,64,16
39,54,93
50,20,70
55,5,60
12,78,90
0,57,57
20,38,58
0,35,35
54,35,89
0,14,14
20,28,48
24,11,35
16,15,31
58,4,62
74,92,69
0,17,17
63,75,41
32,76,11
54,75,32
47,31,78
64,43,10
1,89,90
2,92,94
59,33,92
6,9,15
17,71,88
53,72,28
85,27,15
2,23,25
67,63,33
44,22,66
22,40,62
5,81,86
29,63,92
22,66,88
16,44,60
86,58,47
60,20,80
31,82,16
44,36,80
72,57,32
13,0,13
24,68,92
68,47,18
49,82,34
92,20,15
80,46,29
94,46,43
68,69,40
61,39,3
49,44,93
2,94,96
40,76,19
13,32,45
70,17,87
49,40,89
6,10,16
22,11,33
33,61,94
57,76,36
29,42,71
84,76,63
19,2,21
16,42,58
54,23,77
5,66,71
82,82,67
92,82,77
13,83,96
68,43,14
51,3,54
93,38,34
16,34,50
11,17,28
45,74,22
52,70,25
29,23,52
61,6,67
96,86,85
84,45,32
36,31,67
94,83,80
90,25,18
8,74,82
20,33,53
62,4,66
89,6,95
95,70,68
81,39,23
6,65,71
60,46,9
32,37,69
3,57,60
34,7,41
84,63,50
42,25,67
42,39,81
6,35,41
76,72,51
75,41,19
73,6,79
30,16,46
43,43,86
88,10,1
75,27,5
43,94,40
71,88,62
25,55,80
9,48,57
78,52,33
16,25,41
44,66,13
3,79,82
28,63,91
50,91,44
46,68,17
1,72,73
89,12,4
18,35,53
32,0,32
27,44,71
89,50,42
54,47,4
7,5,12
79,12,91
96,43,42
50,68,21
96,12,11
28,93,24
48,23,71
22,25,47
14,38,52
31,40,71
1,60,61
40,2,42
37,83,23
43,45,88
51,40,91
37,34,71
64,56,23
6,24,30
23,5,28
87,64,54
67,43,13
96,0,96
1,56,57
26,83,12
49,80,32
4,63,67
19,60,79
20,14,34
46,0,46
48,59,10
24,7,31
66,63,32
36,42,78
78,4,82
25,94,22
55,27,82
32,60,92
39,51,90
81,30,14
2,44,46
69,73,45
5,45,50
15,20,35
54,54,11
2,22,24
0,71,71
86,89,78
43,40,83
20,36,56
63,94,60
3,18,21
0,65,65
78,67,48
74,32,9
12,58,70
96,34,33
82,39,24
19,18,37
90,74,67
59,43,5
69,79,51
4,28,32
46,17,63
33,9,42
33,12,45
18,13,31
60,13,73
17,57,74
42,31,73
8,27,35
28,91,22
93,18,14
69,77,49
58,20,78
16,69,85
76,27,6
54,87,44
21,67,88
17,45,62
65,19,84
64,18,82
77,70,50
81,47,31
59,57,19
46,96,45
50,41,91
11,78,89
15,69,84
4,90,94
74,81,58
87,24,14
2,39,41
31,78,12
28,41,69
91,51,45
14,44,58
68,11,79
65,20,85
61,46,10
35,91,29
74,82,59
71,35,9
69,9,78
78,6,84
51,49,3
41,16,57
78,76,57
18,34,52
1,40,41
88,76,67
84,14,1
29,3,32
43,38,81
75,73,51
82,94,79
18,63,81
13,14,27
83,50,36
67,22,89
48,94,45
82,25,10
66,1,67
45,13,58
45,58,6
21,87,11
23,53,76
9,65,74
1,49,50
29,29,58
96,33,32
83,91,77
32,32,64
28,66,94
79,13,92
67,16,83
89,35,27
85,79,67
32,93,28
54,64,21
48,65,16
66,4,70
22,78,3
41,44,85
60,90,53
84,29,16
61,4,65
41,24,65
15,58,73
24,1,25
95,64,62
42,86,31
84,39,26
91,49,43
69,88,60
45,10,55
1,82,83
2,50,52
64,50,17
74,6,80
34,15,49
87,93,83
55,42,0
26,95,24
8,90,1
37,26,63
3,64,67
15,63,78
88,62,53
47,59,9
18,96,17
68,94,65
65,18,83
7,77,84
9,59,68
55,8,63
35,13,48
53,37,90
76,0,76
48,22,70
30,25,55
54,12,66
45,48,93
8,41,49
39,29,68
0,24,24
13,27,40
39,64,6
59,64,26
23,89,15
43,96,42
5,24,29
35,34,69
81,90,74
56,62,21
85,60,48
5,57,62
84,44,31
76,20,96
3,31,34
92,44,39
2,16,18
5,58,63
46,90,39
30,12,42
77,92,72
24,76,3
77,80,60
63,38,4
32,25,57
33,47,80
80,90,73
89,32,24
34,16,50
34,49,83
72,70,45
88,22,13
81,87,71
78,51,32
66,88,57
19,78,0
51,12,63
33,57,90
5,40,45
71,71,45
54,18,72
42,45,87
95,26,24
70,5,75
82,89,74
41,1,42
6,47,53
2,19,21
67,66,36
96,58,57
90,21,14
20,0,20
10,91,4
51,4,55
31,54,85
76,42,21
33,80,16
11,28,39
61,18,79
10,43,53
68,9,77
87,74,64
49,79,31
82,70,55
14,50,64
2,96,1
1,94,95
73,11,84
69,37,9
52,51,6
10,24,34
19,4,23
60,9,69
26,69,95
71,8,79
86,75,64
87,1,88
34,70,7
9,35,44
87,88,78
94,53,50
47,44,91
87,65,55
77,71,51
75,19,94
54,6,60
81,82,66
28,96,27
92,64,59
6,52,58
32,26,58
41,93,37
52,53,8
42,0,42
29,41,70
21,96,20
16,68,84
58,28,86
0,44,44
27,1,28
8,5,13
77,87,67
70,94,67
49,69,21
22,2,24
86,51,40
2,67,69
5,91,96
59,8,67
39,50,89
28,76,7
29,9,38
17,77,94
77,65,45
40,67,10
19,93,15
67,33,3
79,42,24
92,83,78
15,90,8
7,28,35
58,79,40
33,30,63
78,24,5
38,81,22
24,18,42
62,81,46
10,94,7
46,51,0
36,59,95
26,43,69
65,68,36
66,66,35
19,54,73
44,11,55
3,44,47
71,10,81
33,76,12
62,77,42
56,27,83
21,17,38
57,68,28
82,7,89
45,1,46
66,65,34
79,7,86
35,93,31
54,74,31
56,9,65
28,38,66
5,25,30
70,29,2
88,50,41
83,64,50
74,26,3
38,86,27
65,17,82
37,8,45
70,41,14
53,49,5
3,66,69
25,4,29
72,37,12
40,90,33
86,53,42
17,80,0
19,89,11
33,5,38
35,48,83
31,70,4
36,73,12
53,71,27
15,89,7
80,30,13
74,29,6
6,53,59
69,13,82
74,43,20
44,95,42
53,39,92
76,1,77
40,4,44
39,36,75
68,65,36
18,93,14
77,26,6
31,18,49
72,55,30
45,87,35
16,82,1
71,25,96
32,36,68
24,86,13
50,8,58
63,33,96
88,44,35
37,33,70
66,61,30
69,8,77
54,50,7
77,13,90
53,60,16
9,32,41
4,42,46
47,15,62
30,84,17
95,3,1
68,31,2
96,88,87
81,8,89
20,80,3
94,76,73
31,14,45
0,78,78
27,49,76
37,95,35
95,73,71
91,91,85
87,41,31
60,77,40
65,85,53
38,71,12
22,46,68
85,23,11
15,86,4
96,92,91
70,36,9
51,62,16
33,95,31
90,95,88
35,79,17
54,40,94
8,29,37
92,85,80
2,32,34
88,70,61
8,34,42
42,16,58
74,15,89
4,35,39
36,23,59
46,35,81
31,57,88
63,25,88
46,80,29
14,6,20
96,11,10
38,59,0
79,3,82
68,16,84
68,87,58
48,6,54
76,85,64
33,25,58
50,5,55
14,75,89
37,27,64
71,28,2
61,42,6
85,8,93
94,30,27
84,59,46
13,90,6
38,70,11
55,92,50
59,61,23
69,16,85
50,45,95
5,68,73
16,27,43
47,12,59
79,9,88
11,47,58
61,8,69
90,22,15
51,47,1
57,19,76
84,89,76
34,44,78
10,77,87
92,88,83
51,79,33
18,8,26
84,37,24
49,27,76
32,82,17
54,8,62
89,53,45
47,26,73
86,27,16
6,20,26
61,91,55
21,40,61
39,72,14
3,10,13
80,58,41
34,42,76
47,18,65
76,57,36
17,55,72
92,32,27
48,11,59
0,81,81
30,44,74
93,26,22
6,39,45
13,17,30
20,4,24
49,14,63
88,53,44
96,96,95
0,16,16
32,47,79
86,81,70
49,74,26
43,47,90
76,33,12
11,29,40
73,0,73
29,83,15
8,23,31
21,92,16
47,61,11
86,93,82
48,49,0
41,46,87
9,80,89
44,26,70
68,4,72
80,28,11
23,78,4
29,86,18
21,20,41
39,24,63
41,25,66
69,47,19
30,42,72
28,90,21
8,32,40
84,18,5
12,65,77
82,22,7
19,6,25
95,46,44
78,65,46
26,57,83
18,52,70
90,82,75
3,62,65
76,70,49
58,56,17
64,93,60
78,70,51
40,5,45
81,3,84
86,78,67
93,9,5
11,82,93
66,96,65
72,42,17
44,55,2
61,67,31
54,7,61
63,14,77
80,41,24
4,69,73
85,14,2
84,5,89
58,74,35
1,8,9
77,1,78
52,11,63
50,53,6
26,13,39
11,26,37
42,52,94
50,59,12
78,18,96
22,30,52
8,79,87
61,10,71
28,62,90
44,38,82
11,18,29
81,10,91
72,93,68
65,62,30
90,28,21
35,11,46
36,16,52
84,82,69
90,41,34
16,89,8
3,41,44
88,27,18
57,5,62
14,11,25
40,32,72
75,14,89
54,73,30
95,95,93
4,36,40
58,54,15
71,57,31
1,21,22
65,35,3
75,38,16
58,45,6
24,64,88
55,51,9
44,3,47
78,53,34
35,30,65
4,67,71
77,14,91
22,91,16
19,51,70
2,10,12
19,75,94
90,73,66
54,15,69
7,17,24
16,12,28
86,4,90
57,14,71
76,90,69
15,32,47
3,46,49
38,55,93
87,50,40
59,18,77
72,53,28
66,29,95
89,87,79
13,53,66
64,42,9
45,30,75
0,28,28
60,3,63
43,69,15
10,13,23
38,17,55
26,62,88
28,69,0
95,74,72
87,37,27
40,16,56
90,80,73
32,50,82
65,92,60
33,4,37
31,44,75
14,48,62
94,17,14
52,73,28
41,94,38
61,59,23
43,66,12
15,11,26
33,27,60
60,17,77
45,57,5
94,92,89
75,57,35
41,11,52
74,22,96
9,6,15
2,12,14
8,8,16
94,5,2
47,90,40
33,89,25
90,59,52
50,49,2
39,89,31
66,28,94
22,83,8
5,55,60
79,41,23
30,21,51
12,33,45
37,11,48
30,72,5
63,13,76
48,69,20
31,45,76
87,22,12
76,83,62
47,21,68
1,77,78
94,51,48
83,11,94
40,40,80
85,56,44
70,90,63
0,87,87
28,10,38
1,9,10
12,6,18
56,67,26
67,78,48
35,68,6
14,2,16
46,86,35
56,61,20
40,92,35
60,60,23
68,60,31
46,66,15
91,71,65
21,15,36
23,73,96
0,1,1
42,32,74
71,61,35
21,36,57
66,52,21
79,22,4
47,43,90
75,43,21
57,39,96
26,49,75
79,55,37
79,86,68
23,9,32
30,52,82
8,13,21
19,66,85
85,87,75
48,8,56
87,26,16
44,31,75
20,58,78
88,24,15
45,8,53
65,41,9
84,36,23
3,59,62
51,82,36
56,95,54
77,21,1
73,18,91
82,8,90
84,9,93
47,10,57
52,47,2
38,82,23
13,41,54
19,1,20
87,39,29
0,58,58
83,54,40
52,22,74
84,10,94
88,48,39
96,49,48
11,73,84
58,55,16
38,11,49
78,61,42
0,93,93
85,41,29
19,32,51
58,30,88
94,26,23
3,83,86
95,69,67
91,41,35
72,60,35
3,90,93
42,33,75
39,45,84
75,39,17
63,22,85
69,42,14
89,83,75
89,85,77
71,12,83
71,47,21
20,55,75
38,72,13
22,60,82
15,28,43
1,41,42
83,26,12
46,37,83
87,85,75
16,51,67
2,95,0
28,73,4
88,67,58
61,15,76
48,84,35
25,48,73
84,30,17
92,27,22
91,35,29
84,40,27
7,1,8
79,8,87
7,53,60
85,62,50
78,85,66
56,28,84
50,26,76
1,6,7
11,36,47
68,85,56
50,22,72
16,30,46
86,14,3
71,11,82
75,77,55
73,44,20
95,22,20
73,83,59
89,10,2
10,89,2
88,28,19
70,15,85
34,21,55
55,52,10
36,2,38
26,94,23
96,13,12
82,40,25
11,61,72
73,78,54
88,71,62
73,17,90
8,81,89
66,36,5
47,72,22
58,89,50
51,58,12
94,79,76
82,81,66
37,0,37
44,52,96
52,12,64
23,86,12
62,31,93
17,46,63
13,2,15
85,11,96
95,23,21
88,79,70
14,34,48
60,29,89
58,83,44
34,77,14
13,28,41
90,20,13
57,85,45
33,94,30
74,59,36
29,56,85
63,85,51
91,14,8
78,60,41
66,90,59
25,36,61
14,17,31
47,39,86
45,54,2
53,29,82
52,9,61
83,57,43
55,39,94
90,11,4
79,39,21
65,11,76
71,62,36
27,78,8
70,85,58
27,4,31
52,14,66
73,90,66
61,84,48
64,69,36
13,91,7
53,44,0
79,60,42
36,12,48
22,79,4
54,9,63
80,5,85
91,13,7
66,94,63
39,32,71
60,83,46
89,74,66
32,79,14
83,38,24
6,11,17
61,71,35
9,87,96
74,83,60
58,61,22
90,12,5
70,57,30
90,81,74
56,31,87
95,45,43
20,91,14
89,80,72
17,35,52
26,71,0
61,78,42
30,17,47
47,57,7
27,62,89
50,16,66
34,63,0
28,82,13
60,57,20
66,20,86
88,37,28
48,87,38
62,18,80
80,63,46
52,74,29
1,93,94
50,84,37
62,17,79
78,15,93
43,78,24
63,88,54
40,42,82
51,17,68
72,22,94
50,40,90
55,43,1
3,5,8
86,55,44
21,13,34
86,59,48
49,17,66
14,31,45
36,43,79
87,52,42
88,91,82
9,38,47
1,64,65
20,53,73
31,6,37
83,22,8
39,52,91
18,56,74
1,32,33
47,32,79
29,32,61
75,15,90
14,45,59
64,88,55
29,5,34
34,47,81
91,58,52
17,96,16
50,19,69
8,18,26
21,26,47
29,49,78
90,76,69
10,51,61
1,92,93
88,43,34
36,25,61
38,29,67
67,67,37
51,85,39
96,44,43
2,15,17
26,32,58
49,26,75
54,36,90
27,8,35
84,52,39
32,56,88
1,48,49
60,32,92
51,71,25
25,16,41
17,94,14
77,93,73
80,6,86
63,64,30
85,74,62
62,59,24
21,53,74
81,83,67
42,66,11
19,20,39
23,41,64
7,34,41
69,19,88
10,25,35
89,34,26
60,33,93
83,41,27
91,33,27
28,7,35
90,92,85
1,10,11
33,40,73
76,65,44
93,4,0
32,69,4
8,75,83
25,57,82
95,87,85
27,81,11
93,96,92
57,73,33
20,18,38
47,49,96
12,79,91
5,77,82
74,54,31
86,73,62
45,21,66
47,45,92
66,8,74
53,28,81
81,5,86
83,93,79
96,15,14
89,20,12
28,46,74
24,79,6
84,72,59
45,43,88
36,55,91
82,69,54
38,16,54
74,78,55
52,89,44
91,12,6
16,73,89
30,29,59
7,49,56
94,78,75
7,82,89
52,85,40
2,74,76
6,84,90
73,82,58
57,42,2
86,5,91
13,87,3
36,29,65
34,92,29
92,6,1
94,81,78
78,10,88
25,51,76
21,38,59
49,42,91
83,49,35
38,91,32
24,39,63
78,43,24
21,11,32
13,76,89
54,42,96
29,52,81
7,56,63
10,62,72
15,82,0
82,49,34
45,82,30
71,64,38
87,36,26
52,0,52
36,70,9
67,28,95
77,6,83
44,24,68
37,65,5
9,60,69
70,3,73
72,51,26
67,77,47
45,16,61
48,56,7
54,37,91
61,17,78
74,23,0
70,66,39
40,46,86
42,74,19
9,11,20
27,69,96
7,12,19
24,20,44
24,3,27
34,8,42
53,61,17
42,78,23
82,28,13
62,90,55
58,86,47
84,79,66
83,77,63
12,0,12
25,68,93
85,66,54
33,78,14
80,36,19
83,2,85
66,95,64
15,96,14
82,95,80
50,1,51
79,56,38
24,55,79
10,40,50
12,80,92
59,94,56
78,66,47
43,87,33
0,10,10
21,35,56
55,0,55
34,36,70
75,78,56
87,15,5
43,2,45
25,59,84
53,77,33
87,3,90
64,16,80
65,49,17
34,17,51
12,70,82
79,45,27
86,47,36
46,20,66
16,35,51
72,10,82
82,2,84
59,42,4
32,75,10
73,51,27
76,45,24
43,26,69
18,41,59
26,79,8
93,74,70
67,86,56
1,16,17
92,53,48
88,63,54
18,36,54
28,3,31
66,53,22
58,50,11
68,41,12
92,22,17
20,71,91
5,76,81
35,53,88
93,82,78
61,5,66
56,49,8
79,54,36
84,38,25
46,76,25
65,81,49
93,78,74
32,62,94
67,81,51
25,87,15
46,14,60
79,88,70
94,34,31
77,47,27
91,82,76
95,38,36
60,11,71
50,58,11
70,40,13
30,30,60
41,79,23
87,81,71
57,83,43
66,0,66
90,60,53
1,69,70
71,55,29
74,87,64
19,82,4
88,21,12
63,70,36
45,34,79
36,54,90
49,15,64
42,76,21
87,14,4
70,83,56
13,40,53
90,89,82
70,14,84
47,30,77
4,31,35
14,72,86
28,5,33
0,60,60
47,36,83
33,35,68
19,23,42
55,81,39
58,12,70
45,40,85
59,50,12
83,13,96
56,65,24
96,68,67
32,64,96
0,85,85
37,36,73
41,82,26
65,37,5
51,29,80
88,25,16
38,90,31
45,5,50
0,39,39
48,72,23
15,37,52
78,39,20
8,43,51
9,64,73
20,27,47
36,0,36
22,90,15
72,20,92
31,5,36
69,70,42
73,88,64
20,9,29
86,88,77
65,50,18
13,3,16
45,28,73
40,7,47
42,12,54
18,27,45
75,55,33
91,0,91
6,17,23
21,16,37
1,61,62
24,61,85
21,91,15
79,81,63
37,62,2
85,15,3
15,72,87
57,13,70
67,46,16
88,3,91
16,41,57
16,75,91
35,77,15
91,19,13
62,44,9
62,0,62
78,50,31
40,0,40
43,64,10
38,54,92
90,43,36
73,66,42
90,38,31
34,76,13
15,23,38
9,24,33
21,68,89
4,32,36
6,28,34
80,57,40
57,82,42
38,67,8
27,61,88
35,54,89
38,58,96
86,95,84
36,30,66
51,25,76
4,88,92
27,70,0
90,37,30
28,36,64
76,46,25
2,13,15
30,1,31
2,83,85
64,15,79
36,33,69
1,57,58
79,66,48
84,2,86
50,73,26
77,53,33
88,51,42
75,8,83
60,80,43
46,84,33
74,58,35
67,41,11
13,6,19
13,95,11
9,49,58
8,39,47
4,76,80
49,33,82
58,80,41
39,55,94
56,66,25
56,84,43
0,80,80
8,53,61
14,36,50
72,68,43
4,38,42
33,38,71
78,0,78
83,39,25
3,2,5
67,34,4
71,67,41
60,25,85
32,30,62
46,71,20
61,77,41
40,69,12
8,57,65
50,35,85
92,80,75
56,42,1
52,50,5
60,78,41
22,4,26
3,27,30
10,45,55
61,32,93
12,90,5
14,66,80
86,15,4
81,7,88
91,5,96
58,13,71
53,36,89
29,25,54
36,80,19
54,70,27
54,77,34
47,93,43
85,84,72
36,56,92
24,34,58
42,15,57
26,52,78
37,48,85
91,38,32
81,74,58
74,35,12
53,95,51
31,16,47
91,52,46
80,24,7
94,32,29
52,64,19
14,71,85
54,3,57
9,78,87
77,72,52
3,23,26
59,12,71
73,64,40
52,2,54
50,36,86
26,2,28
52,72,27
8,47,55
15,67,82
88,35,26
57,27,84
55,24,79
22,22,44
87,35,25
22,57,79
25,85,13
95,42,40
40,47,87
79,62,44
52,39,91
47,47,94
13,94,10
19,45,64
28,1,29
90,57,50
75,9,84
42,46,88
7,21,28
17,21,38
47,76,26
21,44,65
85,92,80
44,60,7
29,64,93
49,28,77
37,38,75
81,93,77
68,39,10
42,20,62
69,30,2
50,79,32
87,38,28
18,33,51
79,80,62
57,30,87
82,74,59
51,6,57
53,58,14
59,51,13
31,88,22
3,92,95
39,94,36
86,30,19
28,33,61
72,47,22
67,94,64
10,47,57
29,91,23
5,90,95
77,35,15
86,22,11
3,71,74
88,66,57
83,21,7
46,63,12
78,74,55
37,22,59
30,63,93
69,36,8
88,34,25
7,3,10
4,52,56
7,72,79
0,21,21
45,89,37
30,89,22
90,31,24
35,96,34
12,45,57
57,86,46
85,83,71
54,11,65
30,95,28
49,25,74
89,62,54
79,71,53
92,1,93
26,84,13
17,44,61
30,50,80
91,24,18
31,50,81
41,6,47
7,32,39
85,76,64
55,57,15
31,26,57
27,86,16
45,4,49
26,21,47
26,73,2
44,8,52
16,46,62
81,43,27
8,84,92
71,38,12
32,96,31
96,60,59
58,8,66
25,64,89
66,81,50
55,31,86
61,89,53
58,49,10
96,83,82
28,32,60
4,26,30
37,19,56
23,35,58
69,11,80
91,25,19
47,50,0
38,50,88
90,13,6
33,26,59
31,3,34
70,11,81
11,68,79
64,67,34
79,68,50
69,80,52
44,40,84
40,87,30
20,77,0
51,31,82
81,78,62
67,44,14
18,44,62
94,50,47
13,73,86
28,61,89
23,2,25
42,91,36
27,48,75
70,78,51
86,96,85
58,95,56
21,49,70
92,73,68
42,30,72
20,73,93
51,32,83
53,43,96
91,95,89
94,16,13
20,83,6
25,32,57
34,66,3
69,21,90
27,21,48
15,60,75
14,73,87
79,2,81
32,90,25
40,45,85
92,38,33
39,67,9
82,67,52
0,12,12
5,85,90
27,54,81
80,82,65
92,76,71
52,80,35
56,2,58
74,76,53
96,24,23
18,51,69
84,28,15
38,0,38
47,55,5
0,69,69
57,69,29
14,24,38
46,18,64
18,80,1
35,62,0
19,56,75
88,93,84
32,10,42
63,83,49
21,90,14
1,83,84
75,58,36
52,83,38
47,33,80
69,74,46
84,1,85
61,9,70
10,11,21
11,92,6
18,79,0
36,94,33
38,48,86
52,59,14
21,85,9
76,62,41
67,93,63
0,19,19
20,69,89
50,78,31
63,69,35
30,28,58
77,50,30
22,36,58
37,94,34
61,58,22
49,73,25
28,50,78
62,64,29
10,38,48
21,89,13
68,23,91
31,43,74
36,57,93
46,3,49
27,10,37
74,71,48
39,63,5
66,5,71
50,32,82
7,29,36
78,73,54
37,51,88
14,76,90
9,61,70
59,63,25
35,74,12
25,19,44
24,42,66
82,92,77
71,2,73
74,1,75
86,71,60
22,27,49
66,82,51
31,30,61
48,89,40
49,67,19
65,7,72
26,33,59
46,56,5
69,34,6
77,23,3
18,45,63
13,52,65
17,15,32
53,27,80
22,74,96
14,93,10
82,83,68
50,38,88
18,16,34
46,55,4
68,53,24
19,13,32
42,42,84
8,44,52
32,73,8
52,77,32
8,66,74
36,66,5
92,25,20
13,75,88
83,68,54
87,34,24
37,89,29
19,77,96
28,64,92
67,24,91
79,52,34
68,73,44
22,5,27
70,37,10
89,54,46
29,17,46
50,44,94
53,90,46
70,81,54
77,45,25
49,31,80
3,17,20
48,13,61
19,33,52
93,5,1
93,50,46
12,96,11
13,80,93
79,59,41
16,7,23
32,9,41
76,21,0
33,42,75
80,45,28
30,86,19
53,75,31
50,74,27
13,20,33
58,22,80
56,74,33
57,10,67
42,6,48
21,51,72
64,80,47
60,15,75
17,11,28
61,35,96
84,93,80
76,51,30
7,48,55
53,63,19
42,69,14
62,34,96
68,13,81
2,61,63
22,85,10
94,63,60
59,35,94
35,80,18
85,25,13
47,17,64
22,33,55
49,57,9
71,91,65
64,13,77
27,92,22
38,80,21
32,35,67
0,3,3
46,48,94
17,72,89
6,88,94
34,25,59
96,48,47
3,13,16
62,26,88
33,6,39
72,3,75
77,30,10
51,52,6
67,18,85
39,43,82
58,52,13
11,94,8
59,68,30
10,39,49
59,24,83
73,20,93
82,57,42
66,10,76
23,76,2
56,71,30
55,49,7
48,57,8
26,68,94
25,27,52
41,58,2
93,25,21
92,57,52
63,27,90
71,65,39
28,42,70
22,77,2
65,88,56
96,78,77
49,8,57
73,80,56
93,31,27
12,68,80
10,2,12
52,5,57
24,51,75
24,49,73
77,24,4
1,86,87
23,39,62
13,60,73
85,3,88
7,8,15
47,37,84
20,32,52
48,0,48
51,88,42
60,56,19
67,84,54
81,96,80
72,45,20
76,58,37
32,78,13
19,28,47
23,33,56
31,28,59
72,92,67
75,20,95
57,54,14
42,38,80
61,53,17
75,70,48
43,61,7
23,61,84
81,18,2
25,63,88
77,32,12
63,15,78
78,84,65
71,85,59
16,78,94
8,52,60
52,57,12
34,48,82
40,9,49
43,73,19
32,48,80
83,85,71
85,9,94
44,89,36
85,88,76
81,69,53
67,6,73
86,28,17
7,23,30
92,41,36
71,31,5
37,73,13
88,36,27
45,50,95
38,92,33
78,93,74
14,57,71
19,40,59
41,34,75
45,79,27
23,96,22
56,4,60
91,74,68
69,69,41
92,94,89
58,32,90
68,70,41
16,31,47
21,93,17
52,7,59
5,20,25
71,84,58
63,58,24
3,53,56
86,57,46
64,72,39
30,6,36
50,48,1
22,75,0
88,40,31
10,31,41
10,49,59
83,3,86
77,51,31
44,17,61
75,10,85
29,44,73
50,96,49
53,22,75
9,33,42
61,48,12
66,62,31
60,61,24
71,77,51
22,17,39
89,81,73
52,24,76
78,44,25
9,17,26
9,74,83
88,31,22
57,20,77
60,18,78
36,53,89
73,59,35
7,52,59
76,13,89
95,8,6
79,49,31
40,54,94
7,4,11
51,11,62
50,71,24
32,22,54
93,93,89
8,17,25
82,13,95
40,43,83
33,1,34
93,72,68
25,77,5
80,3,83
70,19,89
63,82,48
57,6,63
63,8,71
74,33,10
92,58,53
48,31,79
44,58,5
4,4,8
74,40,17
26,72,1
81,4,85
70,7,77
48,47,95
5,88,93
83,61,47
63,74,40
43,42,85
36,26,62
42,24,66
4,25,29
24,4,28
63,46,12
68,28,96
86,67,56
18,7,25
16,70,86
82,73,58
86,86,75
81,28,12
70,96,69
15,49,64
11,84,95
41,42,83
3,86,89
51,20,71
52,49,4
44,93,40
25,52,77
36,76,15
71,14,85
62,7,69
45,64,12
95,54,52
50,33,83
96,87,86
29,0,29
12,16,28
30,62,92
9,39,48
92,35,30
81,50,34
61,87,51
19,94,16
76,75,54
43,17,60
25,42,67
34,68,5
82,27,12
26,56,82
78,16,94
81,68,52
17,10,27
23,24,47
19,95,17
3,67,70
21,82,6
36,7,43
69,14,83
47,28,75
95,62,60
15,0,15
42,34,76
95,34,32
52,56,11
31,48,79
86,62,51
18,4,22
78,1,79
71,95,69
7,40,47
87,91,81
84,21,8
90,93,86
43,19,62
17,86,6
25,21,46
23,77,3
44,21,65
14,80,94
72,96,71
91,53,47
80,69,52
14,88,5
13,51,64
74,36,13
77,39,19
69,94,66
94,18,15
95,9,7
61,93,57
76,3,79
88,84,75
61,66,30
47,71,21
33,49,82
52,90,45
42,3,45
25,83,11
49,35,84
64,2,66
2,42,44
51,63,17
82,90,75
1,66,67
16,60,76
28,58,86
6,89,95
32,18,50
82,5,87
54,66,23
57,46,6
0,77,77
36,75,14
95,32,30
67,74,44
61,51,15
84,57,44
28,56,84
16,29,45
34,94,31
13,35,48
3,33,36
10,53,63
13,48,61
84,8,92
76,2,78
11,16,27
28,51,79
51,9,60
65,72,40
73,7,80
91,11,5
65,2,67
47,77,27
35,86,24
88,2,90
44,68,15
0,95,95
69,81,53
55,50,8
4,56,60
22,68,90
65,8,73
91,23,17
72,63,38
81,40,24
55,70,28
64,84,51
21,55,76
43,12,55
90,36,29
8,37,45
43,86,32
91,17,11
11,70,81
73,8,81
21,7,28
17,32,49
73,77,53
75,47,25
51,7,58
94,57,54
79,29,11
31,10,41
42,53,95
70,86,59
74,7,81
3,1,4
11,63,74
90,15,8
55,7,62
40,41,81
4,87,91
60,1,61
87,33,23
95,92,90
45,80,28
75,16,91
65,40,8
74,62,39
44,73,20
96,23,22
62,46,11
63,18,81
60,22,82
46,60,9
75,7,82
72,90,65
72,7,79
10,29,39
35,50,85
40,78,21
14,0,14
0,83,83
81,44,28
92,24,19
58,14,72
63,63,29
30,45,75
80,29,12
55,45,3
93,89,85
28,19,47
64,95,62
8,25,33
85,17,5
88,65,56
37,81,21
57,22,79
57,75,35
27,72,2
60,54,17
13,63,76
14,1,15
82,11,93
36,44,80
77,68,48
80,62,45
42,35,77
6,22,28
18,3,21
84,64,51
40,22,62
82,30,15
91,64,58
65,28,93
56,38,94
84,85,72
54,82,39
34,18,52
72,85,60
81,60,44
70,50,23
74,48,25
34,33,67
73,12,85
1,0,1
65,70,38
25,89,17
44,29,73
87,46,36
14,54,68
5,71,76
48,70,21
3,19,22
12,61,73
43,27,70
42,21,63
16,61,77
88,90,81
35,84,22
42,90,35
54,17,71
80,35,18
19,72,91
59,10,69
51,10,61
55,84,42
7,62,69
63,51,17
35,32,67
9,14,23
8,56,64
56,78,37
27,83,13
36,62,1
41,81,25
31,87,21
39,83,25
14,83,0
28,70,1
32,19,51
25,81,9
23,19,42
17,93,13
62,61,26
87,77,67
64,79,46
7,93,3
28,89,20
60,51,14
59,79,41
66,12,78
74,88,65
22,53,75
93,49,45
48,95,46
64,83,50
79,28,10
77,75,55
42,70,15
64,33,0
71,52,26
24,71,95
94,25,22
29,30,59
15,25,40
95,72,70
80,80,63
80,0,80
39,71,13
18,17,35
47,22,69
42,92,37
36,36,72
82,48,33
80,88,71
75,95,73
36,74,13
7,87,94
68,48,19
74,39,16
75,56,34
23,31,54
20,67,87
42,95,40
58,66,27
95,86,84
68,1,69
66,86,55
15,83,1
93,67,63
75,65,43
41,95,39
32,20,52
2,1,3
60,55,18
15,15,30
15,6,21
71,16,87
6,93,2
12,25,37
41,73,17
86,35,24
44,5,49
48,2,50
23,74,0
29,27,56
82,65,50
12,76,88
91,22,16
6,6,12
83,46,32
77,25,5
57,7,64
7,83,90
39,92,34
45,42,87
60,93,56
58,29,87
78,82,63
49,75,27
9,28,37
24,21,45
34,26,60
8,1,9
47,5,52
15,8,23
17,82,2
66,92,61
35,1,36
74,16,90
30,32,62
39,6,45
69,27,96
12,83,95
74,21,95
47,51,1
52,10,62
44,61,8
95,93,91
59,25,84
93,95,91
31,20,51
3,94,0
54,43,0
77,90,70
15,22,37
13,49,62
93,32,28
63,35,1
35,23,58
51,43,94
4,96,3
80,25,8
30,55,85
92,49,44
6,58,64
2,63,65
96,64,63
34,22,56
5,96,4
62,83,48
78,86,67
37,96,36
83,43,29
41,55,96
77,57,37
40,64,7
87,5,92
46,29,75
83,53,39
48,1,49
90,7,0
37,60,0
83,90,76
69,51,23
71,56,30
90,64,57
68,33,4
44,15,59
96,14,13
56,17,73
12,82,94
89,41,33
2,80,82
86,6,92
63,16,79
49,48,0
13,89,5
39,8,47
45,33,78
9,81,90
19,12,31
67,0,67
63,90,56
78,87,68
65,13,78
7,0,7
64,61,28
89,58,50
95,81,79
65,26,91
17,61,78
36,52,88
86,84,73
8,40,48
87,78,68
7,44,51
61,29,90
28,2,30
91,94,88
69,0,69
6,37,43
42,7,49
30,23,53
83,12,95
39,38,77
7,75,82
22,93,18
80,55,38
23,10,33
0,7,7
21,45,66
96,61,60
65,42,10
49,95,47
58,33,91
58,25,83
52,31,83
32,70,5
56,70,29
24,41,65
90,90,83
36,40,76
45,52,0
91,83,77
69,89,61
45,69,17
60,62,25
60,91,54
59,9,68
53,88,44
80,8,88
90,16,9
91,56,50
44,2,46
94,1,95
4,48,52
65,59,27
18,75,93
89,94,86
10,67,77
13,82,95
58,38,96
35,52,87
73,23,96
8,30,38
5,51,56
77,61,41
3,6,9
51,94,48
35,38,73
57,12,69
15,54,69
12,12,24
83,31,17
34,93,30
87,42,32
86,50,39
25,20,45
73,13,86
94,73,70
59,47,9
0,20,20
8,35,43
55,28,83
68,25,93
82,26,11
78,75,56
95,16,14
57,74,34
84,95,82
48,50,1
20,82,5
28,35,63
90,77,70
76,11,87
26,11,37
88,72,63
40,83,26
6,79,85
37,68,8
6,2,8
51,69,23
50,88,41
55,21,76
24,0,24
79,4,83
59,73,35
64,14,78
23,0,23
94,94,91
33,20,53
80,34,17
26,39,65
48,73,24
26,50,76
54,53,10
90,47,40
0,79,79
0,94,94
80,68,51
61,13,74
44,28,72
72,95,70
58,39,0
11,85,96
95,60,58
36,32,68
6,27,33
16,67,83
55,67,25
26,91,20
42,44,86
62,6,68
31,12,43
31,62,93
1,52,53
68,62,33
40,6,46
60,69,32
26,40,66
50,67,20
58,5,63
33,93,29
9,85,94
32,89,24
74,2,76
56,11,67
18,0,18
11,42,53
40,94,37
87,6,93
64,34,1
50,92,45
16,77,93
56,56,15
95,12,10
75,42,20
63,43,9
0,86,86
89,24,16
56,29,85
41,85,29
36,10,46
96,73,72
25,5,30
62,48,13
82,42,27
1,62,63
86,12,1
36,64,3
68,32,3
9,66,75
82,76,61
30,19,49
4,47,51
27,53,80
28,11,39
95,20,18
83,47,33
77,37,17
74,34,11
55,41,96
17,67,84
83,30,16
48,58,9
42,37,79
88,14,5
15,50,65
39,20,59
38,53,91
27,79,9
59,5,64
67,91,61
42,88,33
95,55,53
70,31,4
15,43,58
20,95,18
11,24,35
50,13,63
96,79,78
50,37,87
94,41,38
69,55,27
71,82,56
3,28,31
84,3,87
87,70,60
48,75,26
28,68,96
29,57,86
68,51,22
74,52,29
11,10,21
73,42,18
14,19,33
14,90,7
48,7,55
13,68,81
5,56,61
80,87,70
53,48,4
91,57,51
93,62,58
20,46,66
86,80,69
11,53,64
23,94,20
28,16,44
12,24,36
85,6,91
81,52,36
5,50,55
59,29,88
34,88,25
36,28,64
73,95,71
70,42,15
38,60,1
50,55,8
44,87,34
15,16,31
57,84,44
73,79,55
28,43,71
11,64,75
65,55,23
92,61,56
57,78,38
1,71,72
7,71,78
35,69,7
45,12,57
63,73,39
74,27,4
28,60,88
84,51,38
45,70,18
7,16,23
65,96,64
48,76,27
62,39,4
54,5,59
20,34,54
64,75,42
65,30,95
24,48,72
47,78,28
38,63,4
8,96,7
30,10,40
19,73,92
82,10,92
88,30,21
88,75,66
10,28,38
53,78,34
42,72,17
0,48,48
89,92,84
90,84,77
34,27,61
9,10,19
72,74,49
4,55,59
66,21,87
6,56,62
78,14,92
32,34,66
48,41,89
12,22,34
33,44,77
26,67,93
74,86,63
49,19,68
14,20,34
66,19,85
74,51,28
60,44,7
64,3,67
80,1,81
67,65,35
50,82,35
0,0,0
93,85,81
5,79,84
43,67,13
83,23,9
0,73,73
51,15,66
27,38,65
60,27,87
10,30,40
36,87,26
76,16,92
19,47,66
68,82,53
12,37,49
7,24,31
16,36,52
52,93,48
47,29,76
15,88,6
42,10,52
0,31,31
50,75,28
61,49,13
35,65,3
60,68,31
65,5,70
45,95,43
9,16,25
87,27,17
56,22,78
15,26,41
81,6,87
95,66,64
44,32,76
55,36,91
9,91,3
95,52,50
57,67,27
68,6,74
69,50,22
62,62,27
70,16,86
62,89,54
85,7,92
88,49,40
6,32,38
39,81,23
1,4,5
44,16,60
44,91,38
26,87,16
14,46,60
41,7,48
23,60,83
8,0,8
53,82,38
21,0,21
94,56,53
35,89,27
50,47,0
73,34,10
70,24,94
89,75,67
93,2,95
30,39,69
41,59,3
89,46,38
53,46,2
83,71,57
32,15,47
79,73,55
90,32,25
63,41,7
3,49,52
49,93,45
27,76,6
1,78,79
11,65,76
81,54,38
64,58,25
28,18,46
37,45,82
71,44,18
30,47,77
73,3,76
53,86,42
37,3,40
67,29,96
83,78,64
25,76,4
22,29,51
13,1,14
74,80,57
15,17,32
40,23,63
79,11,90
6,14,20
71,81,55
67,95,65
76,4,80
20,49,69
30,0,30
73,67,43
26,80,9
48,38,86
37,44,81
94,87,84
62,32,94
53,12,65
67,4,71
16,76,92
6,96,5
79,31,13
39,30,69
53,79,35
75,44,22
67,90,60
68,5,73
75,3,78
18,76,94
66,16,82
13,62,75
46,73,22
16,37,53
87,89,79
17,18,35
45,44,89
11,57,68
15,85,3
56,16,72
75,67,45
40,75,18
17,75,92
39,23,62
85,13,1
67,31,1
87,82,72
88,32,23
5,93,1
89,27,19
84,34,21
30,91,24
51,28,79
79,57,39
95,28,26
36,35,71
92,45,40
30,65,95
69,35,7
6,91,0
88,96,87
80,4,84
65,34,2
39,88,30
40,88,31
5,75,80
9,75,84
62,12,74
17,5,22
16,0,16
19,81,3
95,17,15
43,54,0
23,49,72
21,28,49
86,8,94
19,80,2
70,80,53
6,95,4
44,33,77
77,58,38
52,55,10
26,7,33
33,28,61
91,72,66
49,96,48
45,37,82
36,19,55
33,69,5
49,11,60
77,44,24
19,15,34
67,69,39
8,88,96
35,22,57
48,17,65
51,51,5
49,43,92
80,56,39
21,66,87
20,35,55
42,54,96
13,61,74
9,82,91
22,16,38
67,51,21
9,4,13
17,8,25
59,41,3
66,67,36
92,42,37
49,68,20
68,42,13
82,52,37
38,95,36
34,4,38
69,59,31
79,0,79
81,9,90
27,60,87
92,4,96
93,86,82
5,73,78
73,87,63
87,73,63
23,20,43
22,96,21
7,67,74
45,45,90
13,79,92
3,24,27
86,9,95
23,32,55
69,92,64
82,64,49
37,46,83
38,33,71
18,81,2
77,94,74
45,0,45
45,47,92
81,31,15
4,16,20
78,9,87
3,95,1
88,83,74
86,29,18
33,22,55
43,14,57
17,95,15
6,36,42
42,48,90
82,51,36
88,57,48
41,20,61
95,0,95
83,1,84
32,57,89
50,9,59
83,8,91
72,84,59
8,93,4
92,92,87
91,67,61
91,2,93
68,22,90
53,16,69
85,21,9
25,18,43
25,60,85
17,88,8
94,19,16
75,17,92
80,84,67
57,29,86
61,25,86
64,21,85
32,67,2
94,91,88
5,59,64
25,33,58
49,90,42
54,79,36
4,19,23
23,13,36
23,68,91
0,11,11
5,94,2
45,19,64
40,1,41
56,82,41
21,84,8
11,34,45
72,75,50
11,59,70
28,87,18
66,24,90
1,24,25
43,36,79
87,71,61
53,85,41
78,45,26
38,13,51
2,60,62
37,78,18
84,73,60
63,44,10
79,40,22
17,13,30
31,92,26
31,47,78
89,21,13
52,88,43
30,73,6
54,52,9
33,63,96
51,60,14
75,4,79
62,67,32
39,85,27
21,47,68
75,88,66
88,13,4
27,33,60
4,5,9
71,93,67
46,13,59
6,54,60
70,58,31
32,41,73
49,10,59
85,2,87
22,63,85
38,51,89
10,20,30
81,12,93
63,19,82
8,76,84
20,78,1
10,8,18
37,20,57
59,26,85
74,5,79
12,71,83
93,84,80
6,61,67
72,91,66
26,30,56
10,79,89
80,50,33
93,83,79
64,85,52
93,80,76
65,32,0
53,59,15
36,27,63
94,23,20
55,80,38
20,45,65
65,66,34
87,96,86
12,29,41
2,86,88
76,92,71
59,2,61
47,92,42
93,90,86
96,85,84
30,20,50
12,86,1
32,74,9
43,93,39
1,74,75
58,17,75
43,53,96
44,50,94
76,73,52
67,14,81
5,61,66
10,66,76
70,47,20
8,70,78
93,8,4
92,13,8
79,19,1
87,23,13
67,15,82
68,61,32
87,2,89
80,9,89
54,31,85
84,88,75
44,13,57
24,28,52
28,15,43
93,0,93
91,69,63
68,2,70
54,92,49
38,10,48
81,22,6
72,50,25
6,23,29
70,30,3
16,47,63
43,75,21
54,14,68
96,76,75
45,77,25
73,1,74
55,74,32
87,7,94
62,54,19
32,55,87
13,77,90
37,70,10
71,49,23
34,87,24
71,80,54
44,46,90
73,38,14
21,4,25
79,47,29
24,45,69
25,43,68
65,14,79
35,8,43
89,86,78
38,49,87
17,51,68
18,58,76
86,17,6
49,55,7
95,37,35
94,28,25
65,60,28
22,26,48
35,4,39
58,76,37
12,30,42
17,68,85
34,38,72
18,47,65
53,3,56
55,66,24
43,25,68
86,36,25
70,20,90
41,39,80
53,13,66
52,44,96
11,83,94
91,85,79
73,45,21
34,24,58
45,26,71
92,15,10
59,72,34
50,76,29
84,49,36
6,19,25
48,3,51
67,42,12
57,26,83
78,64,45
15,18,33
5,33,38
61,95,59
27,58,85
50,0,50
15,1,16
15,79,94
62,74,39
58,90,51
79,26,8
84,71,58
33,56,89
91,26,20
65,78,46
24,90,17
42,26,68
31,75,9
22,35,57
60,66,29
33,91,27
10,35,45
46,21,67
43,4,47
12,3,15
26,4,30
14,85,2
25,6,31
2,7,9
77,3,80
48,46,94
72,32,7
59,54,16
76,15,91
1,51,52
47,24,71
71,46,20
60,48,11
8,21,29
95,7,5
39,56,95
35,35,70
58,77,38
11,14,25
30,15,45
64,62,29
86,19,8
84,87,74
91,59,53
71,48,22
31,61,92
19,91,13
85,72,60
44,25,69
63,71,37
60,8,68
42,89,34
75,6,81
39,84,26
71,92,66
53,9,62
68,86,57
10,65,75
0,62,62
8,46,54
31,21,52
1,67,68
29,71,3
17,53,70
82,43,28
30,74,7
14,43,57
34,13,47
72,66,41
35,56,91
21,50,71
55,60,18
55,10,65
41,17,58
10,16,26
46,9,55
14,84,1
5,36,41
21,3,24
58,73,34
88,56,47
74,18,92
7,47,54
60,95,58
30,14,44
19,62,81
59,75,37
19,88,10
45,35,80
77,27,7
71,5,76
55,77,35
2,73,75
31,96,30
87,53,43
79,17,96
15,52,67
65,33,1
74,49,26
54,59,16
93,59,55
72,8,80
11,87,1
34,39,73
20,72,92
50,15,65
45,61,9
60,35,95
72,40,15
74,90,67
55,68,26
77,67,47
57,93,53
94,54,51
48,71,22
29,45,74
50,18,68
93,56,52
89,56,48
48,4,52
71,26,0
41,2,43
33,16,49
48,96,47
37,63,3
41,56,0
26,6,32
6,33,39
39,44,83
9,90,2
59,32,91
89,59,51
26,47,73
71,54,28
46,50,96
80,93,76
25,1,26
58,60,21
62,22,84
25,90,18
95,47,45
13,24,37
15,29,44
86,38,27
81,15,96
39,7,46
0,30,30
75,61,39
37,92,32
24,8,32
49,32,81
78,41,22
6,83,89
38,5,43
8,95,6
18,48,66
74,11,85
34,82,19
94,60,57
15,44,59
80,19,2
90,9,2
23,14,37
6,55,61
37,54,91
82,17,2
73,19,92
20,2,22
29,13,42
48,79,30
38,35,73
20,22,42
49,65,17
49,76,28
1,12,13
77,64,44
68,89,60
14,33,47
53,32,85
5,9,14
11,69,80
48,90,41
25,66,91
80,43,26
48,9,57
68,10,78
39,26,65
14,77,91
10,7,17
56,68,27
71,4,75
60,38,1
88,64,55
96,80,79
72,56,31
87,72,62
59,17,76
43,51,94
45,68,16
2,71,73
57,57,17
1,58,59
79,48,30
65,90,58
53,64,20
53,67,23
6,92,1
87,92,82
79,27,9
64,25,89
26,61,87
39,80,22
65,31,96
82,14,96
60,71,34
61,72,36
59,45,7
6,48,54
37,28,65
57,35,92
90,55,48
32,7,39
41,10,51
33,82,18
30,36,66
30,96,29
37,2,39
96,22,21
22,18,40
38,18,56
75,89,67
33,71,7
50,17,67
30,22,52
92,39,34
31,79,13
25,53,78
66,18,84
35,51,86
15,41,56
23,80,6
24,88,15
13,96,12
21,64,85
14,47,61
87,61,51
27,77,7
48,53,4
45,24,69
34,75,12
47,89,39
83,60,46
12,15,27
72,83,58
8,55,63
26,5,31
82,36,21
7,89,96
87,16,6
0,89,89
55,12,67
71,94,68
8,69,77
48,29,77
50,62,15
45,67,15
65,29,94
17,40,57
61,30,91
64,87,54
31,19,50
72,41,16
29,53,82
10,69,79
56,60,19
64,59,26
5,29,34
33,70,6
0,32,32
89,2,91
40,18,58
75,60,38
33,51,84
74,89,66
5,35,40
88,88,79
70,76,49
22,69,91
89,19,11
26,17,43
36,93,32
85,20,8
59,53,15
52,78,33
14,8,22
23,40,63
44,71,18
45,23,68
96,69,68
63,65,31
11,15,26
75,66,44
14,89,6
56,3,59
1,37,38
44,82,29
11,32,43
53,20,73
75,12,87
2,36,38
64,22,86
56,5,61
34,67,4
89,52,44
21,8,29
3,21,24
56,80,39
55,82,40
86,56,45
30,83,16
69,45,17
22,86,11
49,29,78
0,4,4
24,5,29
26,81,10
53,53,9
65,12,77
88,9,0
39,95,37
62,55,20
78,27,8
68,18,86
32,39,71
59,58,20
49,6,55
90,61,54
52,82,37
28,52,80
69,96,68
73,14,87
51,66,20
8,38,46
46,87,36
2,47,49
10,42,52
47,60,10
6,73,79
85,12,0
52,3,55
11,54,65
2,66,68
47,62,12
23,43,66
4,78,82
74,79,56
40,55,95
32,2,34
56,90,49
38,66,7
84,43,30
24,16,40
80,71,54
29,65,94
65,69,37
24,78,5
71,78,52
21,31,52
67,19,86
37,66,6
57,49,9
20,74,94
64,41,8
15,47,62
65,74,42
93,88,84
55,76,34
22,8,30
44,59,6
33,2,35
9,71,80
38,27,65
74,70,47
15,30,45
96,35,34
65,65,33
80,37,20
37,87,27
6,59,65
64,32,96
31,83,17
84,19,6
81,89,73
46,47,93
84,54,41
96,46,45
14,51,65
61,43,7
79,69,51
17,73,90
18,18,36
24,2,26
36,86,25
20,62,82
44,85,32
83,45,31
47,69,19
2,81,83
40,73,16
75,21,96
92,11,6
25,54,79
26,46,72
70,22,92
44,49,93
90,48,41
90,66,59
3,75,78
51,16,67
57,41,1
73,84,60
1,87,88
32,72,7
25,29,54
91,20,14
76,41,20
71,50,24
13,66,79
5,19,24
89,36,28
46,95,44
2,85,87
2,11,13
42,62,7
72,73,48
78,80,61
62,10,72
35,29,64
44,90,37
83,84,70
72,94,69
5,83,88
6,78,84
4,3,7
4,58,62
41,88,32
49,13,62
4,45,49
75,87,65
76,14,90
76,36,15
38,9,47
49,16,65
54,95,52
64,0,64
66,48,17
64,91,58
77,15,92
92,8,3
0,42,42
44,18,62
18,71,89
31,2,33
58,78,39
42,23,65
51,70,24
7,30,37
69,71,43
65,43,11
37,86,26
24,46,70
27,89,19
82,54,39
7,41,48
78,68,49
0,59,59
16,72,88
43,56,2
84,25,12
28,26,54
76,56,35
51,74,28
46,59,8
49,21,70
59,21,80
27,6,33
5,86,91
33,0,33
33,54,87
75,29,7
62,52,17
19,29,48
64,94,61
65,80,48
73,35,11
26,51,77
63,50,16
61,31,92
40,30,70
78,2,80
48,43,91
38,96,37
23,91,17
80,77,60
45,27,72
48,30,78
85,28,16
23,79,5
40,36,76
94,24,21
35,9,44
58,68,29
94,45,42
71,18,89
89,51,43
27,88,18
11,72,83
76,6,82
22,76,1
51,19,70
61,44,8
84,15,2
34,91,28
9,92,4
61,16,77
83,32,18
69,46,18
4,71,75
81,80,64
0,72,72
61,33,94
36,88,27
69,25,94
93,58,54
96,89,88
44,96,43
89,45,37
23,75,1
85,73,61
2,79,81
85,0,85
80,85,68
23,30,53
34,9,43
57,50,10
61,2,63
94,37,34
33,11,44
20,31,51
68,90,61
70,43,16
27,31,58
84,81,68
6,45,51
75,1,76
19,5,24
59,80,42
69,29,1
87,56,46
13,46,59
56,14,70
67,23,90
48,74,25
26,78,7
77,34,14
39,16,55
40,95,38
19,87,9
52,17,69
30,34,64
50,60,13
74,74,51
8,3,11
7,19,26
89,70,62
1,13,14
70,77,50
55,71,29
26,89,18
33,66,2
53,21,74
1,80,81
48,55,6
49,91,43
46,25,71
74,30,7
80,17,0
66,3,69
45,53,1
12,84,96
9,2,11
54,41,95
39,57,96
68,52,23
9,50,59
78,89,70
55,2,57
35,39,74
58,23,81
69,84,56
41,45,86
1,42,43
11,7,18
61,83,47
86,0,86
20,59,79
65,51,19
70,60,33
57,4,61
67,27,94
38,31,69
77,54,34
85,82,70
90,72,65
52,32,84
1,14,15
22,39,61
17,25,42
25,7,32
81,95,79
34,28,62
61,38,2
83,6,89
29,54,83
9,89,1
52,18,70
71,1,72
14,56,70
3,11,14
35,92,30
82,6,88
56,6,62
0,96,96
59,4,63
7,66,73
75,59,37
24,95,22
47,86,36
1,1,2
51,2,53
28,67,95
11,55,66
80,67,50
35,36,71
25,13,38
6,71,77
67,2,69
75,50,28
59,87,49
81,70,54
46,94,43
20,54,74
49,81,33
33,83,19
41,49,90
31,34,65
55,34,89
68,21,89
34,78,15
56,73,32
12,75,87
7,80,87
70,48,21
29,92,24
9,52,61
84,77,64
16,33,49
58,59,20
92,81,76
27,29,56
57,34,91
57,37,94
16,50,66
9,83,92
54,32,86
64,81,48
19,70,89
35,66,4
20,7,27
80,42,25
64,40,7
68,46,17
50,34,84
6,4,10
61,74,38
68,96,67
35,72,10
14,26,40
44,35,79
6,8,14
58,85,46
52,4,56
81,24,8
73,47,23
27,34,61
91,44,38
14,67,81
57,47,7
52,29,81
51,84,38
17,9,26
40,81,24
64,30,94
31,9,40
85,70,58
55,44,2
76,84,63
55,62,20
73,69,45
40,14,54
72,29,4
81,33,17
85,89,77
3,8,11
73,46,22
49,85,37
83,63,49
74,28,5
70,67,40
60,0,60
28,79,10
17,63,80
79,93,75
1,30,31
84,67,54
0,76,76
66,23,89
20,12,32
11,9,20
18,24,42
4,82,86
34,85,22
38,26,64
65,71,39
30,40,70
18,89,10
22,72,94
7,54,61
14,74,88
57,38,95
73,31,7
39,40,79
23,67,90
12,42,54
63,11,74
84,69,56
46,32,78
63,10,73
78,59,40
95,13,11
31,56,87
96,55,54
69,56,28
61,82,46
65,57,25
95,59,57
69,23,92
16,88,7
51,26,77
84,75,62
16,93,12
29,76,8
74,95,72
7,94,4
50,83,36
89,49,41
70,65,38
40,61,4
43,44,87
65,44,12
1,70,71
21,75,96
80,54,37
40,48,88
30,38,68
20,19,39
27,20,47
70,75,48
13,38,51
5,65,70
5,46,51
19,16,35
70,61,34
42,1,43
18,20,38
9,63,72
20,57,77
79,76,58
12,62,74
78,13,91
38,12,50
66,7,73
31,15,46
31,74,8
15,75,90
72,89,64
84,31,18
40,39,79
81,57,41
42,84,29
3,82,85
76,23,2
7,70,77
83,56,42
68,63,34
50,61,14
89,61,53
9,21,30
42,22,64
18,69,87
29,6,35
24,54,78
53,50,6
62,93,58
87,80,70
0,55,55
69,40,12
27,17,44
28,55,83
85,75,63
82,32,17
20,29,49
77,82,62
37,4,41
47,73,23
72,27,2
53,52,8
22,50,72
68,79,50
48,51,2
33,7,40
59,3,62
95,65,63
3,7,10
88,61,52
49,1,50
81,94,78
9,53,62
27,65,92
5,23,28
93,41,37
33,32,65
64,76,43
46,88,37
26,37,63
11,3,14
93,23,19
45,65,13
85,31,19
77,38,18
38,83,24
20,96,19
40,65,8
2,65,67
14,68,82
42,27,69
8,63,71
34,51,85
13,58,71
82,16,1
26,65,91
18,40,58
22,1,23
31,49,80
25,62,87
67,96,66
11,95,9
43,52,95
60,39,2
30,81,14
80,33,16
77,33,13
50,43,93
53,41,94
36,41,77
21,48,69
87,90,80
67,20,87
62,68,33
8,26,34
43,55,1
10,84,94
27,25,52
25,75,3
21,58,79
63,76,42
32,65,0
16,4,20
42,64,9
26,34,60
52,67,22
57,56,16
82,56,41
39,76,18
59,37,96
19,30,49
69,22,91
92,29,24
83,17,3
50,23,73
51,36,87
60,49,12
96,3,2
73,15,88
71,89,63
76,28,7
57,95,55
50,81,34
28,17,45
69,12,81
14,35,49
82,86,71
91,55,49
14,13,27
25,28,53
20,17,37
86,24,13
83,67,53
36,83,22
3,76,79
4,27,31
28,23,51
31,69,3
0,26,26
75,24,2
25,26,51
36,39,75
67,55,25
21,63,84
41,35,76
76,68,47
23,8,31
86,10,96
43,10,53
4,62,66
46,34,80
80,7,87
43,37,80
13,88,4
80,22,5
54,65,22
74,44,21
87,55,45
6,38,44
58,1,59
78,63,44
37,88,28
40,58,1
38,38,76
43,95,41
73,61,37
67,13,80
25,86,14
90,83,76
63,2,65
22,81,6
88,6,94
81,38,22
40,19,59
24,47,71
55,78,36
82,63,48
88,81,72
19,7,26
91,42,36
88,4,92
1,85,86
91,27,21
60,87,50
23,11,34
39,1,40
18,60,78
62,72,37
69,60,32
43,71,17
63,92,58
48,54,5
37,93,33
76,32,11
29,88,20
39,46,85
65,54,22
23,16,39
43,62,8
55,26,81
55,53,11
47,91,41
60,52,15
85,48,36
18,37,55
60,75,38
18,55,73
47,63,13
14,23,37
83,36,22
24,83,10
48,91,42
49,60,12
90,63,56
93,55,51
3,85,88
16,9,25
94,13,10
18,68,86
34,79,16
21,59,80
46,52,1
20,92,15
50,46,96
38,73,14
11,27,38
89,37,29
12,40,52
21,76,0
70,59,32
66,22,88
4,66,70
63,31,94
33,50,83
13,42,55
20,88,11
73,26,2
25,84,12
55,29,84
88,45,36
93,34,30
26,64,90
34,96,33
61,57,21
69,33,5
13,30,43
59,55,17
76,37,16
69,78,50
78,30,11
91,93,87
81,53,37
61,45,9
86,79,68
0,46,46
83,10,93
26,66,92
66,50,19
61,36,0
85,59,47
92,67,62
42,63,8
54,20,74
96,84,83
87,19,9
56,19,75
65,56,24
64,29,93
45,17,62
77,77,57
65,21,86
43,7,50
10,23,33
85,19,7
90,3,93
17,70,87
86,65,54
71,36,10
78,19,0
81,42,26
40,96,39
45,18,63
25,22,47
48,18,66
94,62,59
24,36,60
92,9,4
89,72,64
73,70,46
32,91,26
29,55,84
47,27,74
90,54,47
56,53,12
4,74,78
65,77,45
48,52,3
37,37,74
93,91,87
58,11,69
74,65,42
17,48,65
61,7,68
69,43,15
70,38,11
37,67,7
66,89,58
83,62,48
92,2,94
81,79,63
39,28,67
54,88,45
91,80,74
53,73,29
10,52,62
52,27,79
89,77,69
32,58,90
34,71,8
43,81,27
2,91,93
26,20,46
1,59,60
52,58,13
42,47,89
86,13,2
86,20,9
77,78,58
56,94,53
44,94,41
16,53,69
3,25,28
18,1,19
59,23,82
1,15,16
60,24,84
59,81,43
34,74,11
41,12,53
58,93,54
94,14,11
76,9,85
36,1,37
19,76,95
96,37,36
22,24,46
41,5,46
15,40,55
27,37,64
27,68,95
40,27,67
72,77,52
13,43,56
3,34,37
26,38,64
32,53,85
82,24,9
16,66,82
6,90,96
58,75,36
68,3,71
16,23,39
9,96,8
36,58,94
95,41,39
34,20,54
30,51,81
5,13,18
39,22,61
9,44,53
27,45,72
43,65,11
2,28,30
4,11,15
11,40,51
8,62,70
25,41,66
60,82,45
34,95,32
76,5,81
11,60,71
46,7,53
14,3,17
8,14,22
91,31,25
6,5,11
19,24,43
94,8,5
51,78,32
7,33,40
8,82,90
23,55,78
81,56,40
92,0,92
28,31,59
27,73,3
9,57,66
58,26,84
3,48,51
61,12,73
45,90,38
11,50,61
15,91,9
58,2,60
55,83,41
67,57,27
63,34,0
64,36,3
79,24,6
10,3,13
80,20,3
55,55,13
95,56,54
71,0,71
29,85,17
44,65,12
25,15,40
35,47,82
47,40,87
29,94,26
53,70,26
74,96,73
41,67,11
95,61,59
55,18,73
94,68,65
73,30,6
41,60,4
88,41,32
43,8,51
35,24,59
6,86,92
40,10,50
26,82,11
54,93,50
53,17,70
94,52,49
89,7,96
53,62,18
30,2,32
44,76,23
32,6,38
10,78,88
18,94,15
33,18,51
90,8,1
81,49,33
36,3,39
59,14,73
91,84,78
86,87,76
53,92,48
29,50,79
73,5,78
96,51,50
69,15,84
91,36,30
6,0,6
90,40,33
12,26,38
29,38,67
7,27,34
92,74,69
76,19,95
63,53,19
72,31,6
10,14,24
81,25,9
72,21,93
2,52,54
4,14,18
85,69,57
8,67,75
75,11,86
91,62,56
45,51,96
94,40,37
59,1,60
46,23,69
47,79,29
23,3,26
18,72,90
51,89,43
74,14,88
85,47,35
58,67,28
80,76,59
33,88,24
63,32,95
96,47,46
78,36,17
40,63,6
24,52,76
90,42,35
22,94,19
64,46,13
72,4,76
12,89,4
64,35,2
80,48,31
70,28,1
22,89,14
72,34,9
91,50,44
76,26,5
77,63,43
38,64,5
63,21,84
60,40,3
57,9,66
9,94,6
73,55,31
80,15,95
95,19,17
64,45,12
58,7,65
90,96,89
21,12,33
58,65,26
36,8,44
4,18,22
30,37,67
72,78,53
19,19,38
16,58,74
58,15,73
57,70,30
61,56,20
22,10,32
17,34,51
46,8,54
50,89,42
75,33,11
14,42,56
90,65,58
71,21,92
74,94,71
31,81,15
29,14,43
74,4,78
4,39,43
76,74,53
81,72,56
6,64,70
10,63,73
28,21,49
92,60,55
27,28,55
80,16,96
3,56,59
30,85,18
44,48,92
86,72,61
16,6,22
78,23,4
21,42,63
42,49,91
92,70,65
20,8,28
93,37,33
54,2,56
5,54,59
27,7,34
82,71,56
88,18,9
58,82,43
41,51,92
11,38,49
36,91,30
62,95,60
79,75,57
87,54,44
65,58,26
88,52,43
36,51,87
28,65,93
72,14,86
80,44,27
44,30,74
32,85,20
64,8,72
34,81,18
13,81,94
76,76,55
24,65,89
5,15,20
39,75,17
6,62,68
60,10,70
10,96,9
32,16,48
27,9,36
44,34,78
54,0,54
29,69,1
75,92,70
22,47,69
7,51,58
39,4,43
14,64,78
19,85,7
18,11,29
46,40,86
61,22,83
95,84,82
32,38,70
92,19,14
10,50,60
95,36,34
6,67,73
8,54,62
17,41,58
26,19,45
58,0,58
38,47,85
71,27,1
63,79,45
32,51,83
66,93,62
24,6,30
21,88,12
48,88,39
61,50,14
70,72,45
50,21,71
24,72,96
8,33,41
3,38,41
19,11,30
58,71,32
37,69,9
87,62,52
19,21,40
64,9,73
83,69,55
21,1,22
20,39,59
28,81,12
66,69,38
30,69,2
81,51,35
47,7,54
47,16,63
24,29,53
26,15,41
4,7,11
72,36,11
34,59,93
59,89,51
16,24,40
20,52,72
9,30,39
12,95,10
69,76,48
63,57,23
13,44,57
95,6,4
33,24,57
8,71,79
8,7,15
34,56,90
49,37,86
29,43,72
43,28,71
62,96,61
68,8,76
40,80,23
83,72,58
5,47,52
0,51,51
52,40,92
40,21,61
87,45,35
57,15,72
6,21,27
43,22,65
4,64,68
86,39,28
64,1,65
39,68,10
74,66,43
58,24,82
33,48,81
42,56,1
52,41,93
69,91,63
20,75,95
75,26,4
20,76,96
79,78,60
39,41,80
74,63,40
33,33,66
73,48,24
22,48,70
35,45,80
12,43,55
83,35,21
8,15,23
45,88,36
40,66,9
16,57,73
51,53,7
27,5,32
26,9,35
38,61,2
92,23,18
89,0,89
86,63,52
4,60,64
23,29,52
28,83,14
39,87,29
21,24,45
76,60,39
38,1,39
53,56,12
58,34,92
26,54,80
54,96,53
1,55,56
1,68,69
55,79,37
52,36,88
26,1,27
19,59,78
44,74,21
96,53,52
59,6,65
30,82,15
32,68,3
38,23,61
69,2,71
60,6,66
88,87,78
21,62,83
91,68,62
60,79,42
19,64,83
52,86,41
36,13,49
33,60,93
66,41,10
92,93,88
5,34,39
95,94,92
56,46,5
81,84,68
85,61,49
22,42,64
37,79,19
41,15,56
37,85,25
94,96,93
11,77,88
21,57,78
29,73,5
14,70,84
83,0,83
33,14,47
70,74,47
19,49,68
96,26,25
13,12,25
15,4,19
57,77,37
43,58,4
19,46,65
19,43,62
28,29,57
46,77,26
11,91,5
13,29,42
46,42,88
69,82,54
56,64,23
76,48,27
3,40,43
33,10,43
6,76,82
53,31,84
89,23,15
92,54,49
89,68,60
30,87,20
62,69,34
62,53,18
71,90,64
48,66,17
65,15,80
85,44,32
46,93,42
65,3,68
40,31,71
89,28,20
6,68,74
5,43,48
16,79,95
65,10,75
46,12,58
7,39,46
88,7,95
87,8,95
70,63,36
31,63,94
24,37,61
8,92,3
83,27,13
43,74,20
5,27,32
32,33,65
11,6,17
52,20,72
89,65,57
74,93,70
74,91,68
71,76,50
21,61,82
69,65,37
56,1,57
29,79,11
93,54,50
91,7,1
84,23,10
70,52,25
66,14,80
24,67,91
68,74,45
94,93,90
68,76,47
55,22,77
10,83,93
51,44,95
34,65,2
78,57,38
85,36,24
54,62,19
1,22,23
19,90,12
41,52,93
10,22,32
7,90,0
43,0,43
41,4,45
11,5,16
80,11,91
6,29,35
66,84,53
60,85,48
79,34,16
32,71,6
13,5,18
73,68,44
70,9,79
21,73,94
4,6,10
63,49,15
66,13,79
96,16,15
96,1,0
2,78,80
32,59,91
2,37,39
2,8,10
67,88,58
63,37,3
65,79,47
18,86,7
27,84,14
83,33,19
95,78,76
51,83,37
7,14,21
66,27,93
7,26,33
38,8,46
17,4,21
78,47,28
9,70,79
17,47,64
28,71,2
67,61,31
72,43,18
81,34,18
29,7,36
54,29,83
1,19,20
52,75,30
30,13,43
68,54,25
11,45,56
54,49,6
49,86,38
56,10,66
73,65,41
29,61,90
95,85,83
64,48,15
7,43,50
53,0,53
51,14,65
68,19,87
63,93,59
56,96,55
59,65,27
10,4,14
25,9,34
1,23,24
14,41,55
24,10,34
20,90,13
42,8,50
72,35,10
23,56,79
9,76,85
10,64,74
96,59,58
3,47,50
73,54,30
65,94,62
47,64,14
9,69,78
35,17,52
12,51,63
62,36,1
51,81,35
15,24,39
41,87,31
76,63,42
75,53,31
77,49,29
96,25,24
80,38,21
4,65,69
58,27,85
10,57,67
38,62,3
5,87,92
71,29,3
28,84,15
89,44,36
27,63,90
92,65,60
96,66,65
23,52,75
41,76,20
28,72,3
16,26,42
63,62,28
50,65,18
9,62,71
39,58,0
25,92,20
9,47,56
35,87,25
47,4,51
38,30,68
18,23,41
29,1,30
96,28,27
12,56,68
2,38,40
47,84,34
56,21,77
5,18,23
2,84,86
78,96,77
46,5,51
94,69,66
49,41,90
60,42,5
42,83,28
0,84,84
46,67,16
89,3,92
56,50,9
95,2,0
29,10,39
12,77,89
87,31,21
95,68,66
3,52,55
26,24,50
54,89,46
86,18,7
96,94,93
52,34,86
59,16,75
39,9,48
7,11,18
51,35,86
84,58,45
95,80,78
25,12,37
84,46,33
3,22,25
68,7,75
54,94,51
91,29,23
19,44,63
54,84,41
52,38,90
63,26,89
85,4,89
78,28,9
33,64,0
69,18,87
87,21,11
21,60,81
7,2,9
65,82,50
40,51,91
40,85,28
68,45,16
82,80,65
82,35,20
37,21,58
31,53,84
56,91,50
20,10,30
18,95,16
36,78,17
1,3,4
90,33,26
74,55,32
95,11,9
95,30,28
71,15,86
60,67,30
21,80,4
81,88,72
75,13,88
58,36,94
7,42,49
90,75,68
90,45,38
84,20,7
15,35,50
13,72,85
49,22,71
63,89,55
59,84,46
79,79,61
31,51,82
2,18,20
93,92,88
50,24,74
27,47,74
52,65,20
78,42,23
2,56,58
88,8,96
63,54,20
91,66,60
90,35,28
32,61,93
74,8,82
81,13,94
39,86,28
31,24,55
25,47,72
12,49,61
52,48,3
55,63,21
80,95,78
67,60,30
46,81,30
60,89,52
38,56,94
29,37,66
31,76,10
4,94,1
85,91,79
38,3,41
78,54,35
46,46,92
18,77,95
12,8,20
43,88,34
0,49,49
44,78,25
44,7,51
39,35,74
90,44,37
34,12,46
18,43,61
21,21,42
83,7,90
16,62,78
34,69,6
14,65,79
86,68,57
83,16,2
56,86,45
76,35,14
12,88,3
77,79,59
47,83,33
15,65,80
69,44,16
3,30,33
72,38,13
84,86,73
80,53,36
96,10,9
64,17,81
75,52,30
28,77,8
94,27,24
32,1,33
41,26,67
7,9,16
11,62,73
70,26,96
39,10,49
11,96,10
43,90,36
60,72,35
81,58,42
48,10,58
9,13,22
96,32,31
41,0,41
28,28,56
93,75,71
11,46,57
24,33,57
68,38,9
5,78,83
42,85,30
69,93,65
12,23,35
95,71,69
16,5,21
72,65,40
3,55,58
76,69,48
52,62,17
93,43,39
67,3,70
23,37,60
42,80,25
78,20,1
0,25,25
89,29,21
14,87,4
84,94,81
15,55,70
21,71,92
30,3,33
1,75,76
6,30,36
83,44,30
65,22,87
40,26,66
20,26,46
85,16,4
79,32,14
91,46,40
5,32,37
96,52,51
55,37,92
78,32,13
18,62,80
70,35,8
79,25,7
53,5,58
89,39,31
30,59,89
46,82,31
42,96,41
43,24,67
39,62,4
77,60,40
82,61,46
93,12,8
67,30,0
44,23,67
61,37,1
71,66,40
78,40,21
49,58,10
8,61,69
26,77,6
72,64,39
95,89,87
10,85,95
60,43,6
56,75,34
88,16,7
36,72,11
20,81,4
59,31,90
20,40,60
14,69,83
2,62,64
50,28,78
43,35,78
86,77,66
2,21,23
61,61,25
17,6,23
41,21,62
56,93,52
68,59,30
7,92,2
18,66,84
16,95,14
76,95,74
70,62,35
22,19,41
76,40,19
56,25,81
42,51,93
16,84,3
26,48,74
65,45,13
61,19,80
69,66,38
71,60,34
60,34,94
5,30,35
15,76,91
55,13,68
36,34,70
41,38,79
67,36,6
0,53,53
43,79,25
91,34,28
25,58,83
33,96,32
72,39,14
16,49,65
24,58,82
64,23,87
93,36,32
84,78,65
73,32,8
12,93,8
50,56,9
37,82,22
88,55,46
33,90,26
92,30,25
61,40,4
94,43,40
85,34,22
80,14,94
35,63,1
14,52,66
76,22,1
24,31,55
93,45,41
43,57,3
82,59,44
3,87,90
6,12,18
23,85,11
4,44,48
90,51,44
49,63,15
82,72,57
15,61,76
76,17,93
84,61,48
13,47,60
67,59,29
20,41,61
14,60,74
57,62,22
85,78,66
43,85,31
6,87,93
58,62,23
55,87,45
53,57,13
79,43,25
55,32,87
93,44,40
96,38,37
41,36,77
35,78,16
63,28,91
39,33,72
81,92,76
66,74,43
35,16,51
2,26,28
68,34,5
2,54,56
72,86,61
63,66,32
49,87,39
85,35,23
66,11,77
71,7,78
44,70,17
54,81,38
39,48,87
45,71,19
67,85,55
76,94,73
20,43,63
29,70,2
94,66,63
15,57,72
52,45,0
12,7,19
49,20,69
28,27,55
33,21,54
75,76,54
49,83,35
34,58,92
38,84,25
22,6,28
24,40,64
36,67,6
54,33,87
41,8,49
77,62,42
34,0,34
41,80,24
32,40,72
50,87,40
65,46,14
2,14,16
41,78,22
8,6,14
19,3,22
64,89,56
14,86,3
94,58,55
74,61,38
64,77,44
9,55,64
77,0,77
56,59,18
15,73,88
70,1,71
95,67,65
73,85,61
76,59,38
67,26,93
81,48,32
48,68,19
56,43,2
57,80,40
54,61,18
41,28,69
34,11,45
16,28,44
14,5,19
62,88,53
73,10,83
80,79,62
36,14,50
9,18,27
30,76,9
2,2,4
93,48,44
83,19,5
88,95,86
58,47,8
40,44,84
3,4,7
16,65,81
4,30,34
1,11,12
52,84,39
79,6,85
55,46,4
25,91,19
1,36,37
11,89,3
86,32,21
37,1,38
85,94,82
60,70,33
76,67,46
66,77,46
6,26,32
30,26,56
81,73,57
0,52,52
18,88,9
65,76,44
0,75,75
86,40,29
16,16,32
67,50,20
8,78,86
11,2,13
19,84,6
18,92,13
62,84,49
56,20,76
68,58,29
30,18,48
79,72,54
90,27,20
24,70,94
71,68,42
51,22,73
95,18,16
51,90,44
24,9,33
78,91,72
47,19,66
74,45,22
29,12,41
66,83,52
30,64,94
42,71,16
81,20,4
80,92,75
74,67,44
47,66,16
70,32,5
15,14,29
13,56,69
77,36,16
13,64,77
50,50,3
29,82,14
45,81,29
25,44,69
67,73,43
61,55,19
10,44,54
33,3,36
3,65,68
75,82,60
4,50,54
11,93,7
29,28,57
19,50,69
0,61,61
13,93,9
11,56,67
79,67,49
3,61,64
40,35,75
29,59,88
13,92,8
59,22,81
9,86,95
1,79,80
19,57,76
2,72,74
35,18,53
47,80,30
46,6,52
39,3,42
10,0,10
6,72,78
62,76,41
96,9,8
70,54,27
11,30,41
74,10,84
17,84,4
57,88,48
86,90,79
84,17,4
1,7,8
37,90,30
4,59,63
48,67,18
23,82,8
60,36,96
71,37,11
71,22,93
90,23,16
7,37,44
10,86,96
94,47,44
58,63,24
36,24,60
36,22,58
80,91,74
90,10,3
65,83,51
34,60,94
36,89,28
34,53,87
34,2,36
90,24,17
72,19,91
63,78,44
1,2,3
18,5,23
66,40,9
37,58,95
45,20,65
94,65,62
87,67,57
5,62,67
23,69,92
57,96,56
5,26,31
23,81,7
43,63,9
8,4,12
73,41,17
68,95,66
49,0,49
8,87,95
77,42,22
25,45,70
42,59,4
88,19,10
19,26,45
45,39,84
17,78,95
9,1,10
57,18,75
77,84,64
46,91,40
79,30,12
42,5,47
42,14,56
57,43,3
94,36,33
81,2,83
90,39,32
67,5,72
22,23,45
25,49,74
48,24,72
83,25,11
40,57,0
22,88,13
65,87,55
60,86,49
78,58,39
14,30,44
16,74,90
69,67,39
85,65,53
4,54,58
0,22,22
12,41,53
63,86,52
25,88,16
16,63,79
83,18,4
68,92,63
16,14,30
55,14,69
21,52,73
21,30,51
87,13,3
27,11,38
4,22,26
1,33,34
85,80,68
69,24,93
36,69,8
29,2,31
44,19,63
61,28,89
14,94,11
16,38,54
23,54,77
57,36,93
71,13,84
31,86,20
23,62,85
66,57,26
1,46,47
43,21,64
89,78,70
89,14,6
60,74,37
73,16,89
79,58,40
24,38,62
53,30,83
0,43,43
21,2,23
26,85,14
52,1,53
5,63,68
44,12,56
27,16,43
88,26,17
0,70,70
40,49,89
84,74,61
33,85,21
76,78,57
9,36,45
37,35,72
56,26,82
12,94,9
36,60,96
17,74,91
30,49,79
55,59,17
36,96,35
66,59,28
88,59,50
46,70,19
84,26,13
33,17,50
67,68,38
50,90,43
74,60,37
78,69,50
16,10,26
20,42,62
26,44,70
92,91,86
22,43,65
89,18,10
0,54,54
31,17,48
76,89,68
79,35,17
43,20,63
35,25,60
75,96,74
46,27,73
8,24,32
17,7,24
73,71,47
4,40,44
12,55,67
41,43,84
38,94,35
35,76,14
79,64,46
17,23,40
75,84,62
23,18,41
75,5,80
76,30,9
80,73,56
3,14,17
30,79,12
35,49,84
35,3,38
84,0,84
70,92,65
95,35,33
18,53,71
15,48,63
62,70,35
44,14,58
80,64,47
52,23,75
10,34,44
81,19,3
49,53,5
37,40,77
40,86,29
11,11,22
30,78,11
8,77,85
20,3,23
26,36,62
12,52,64
23,12,35
87,83,73
28,13,41
53,80,36
37,42,79
28,44,72
91,73,67
26,70,96
48,19,67
28,14,42
32,23,55
57,32,89
26,35,61
52,35,87
23,95,21
43,89,35
23,70,93
50,72,25
40,62,5
25,96,24
87,60,50
64,82,49
37,53,90
7,31,38
59,85,47
22,51,73
51,95,49
12,85,0
48,32,80
54,51,8
1,76,77
25,74,2
76,50,29
